Workbook

Sheet 00_使い方
A1: インバータ重量感度解析 Excel単体版 v3.2（VBAなし）
A4: 固定要求 | B4: 定格出力 P_out はアプリケーション側で決まる固定要求とし、感度ツリーの子ノードには配置しません。計算式では定数入力として参照します。
A5: 設計変数 | B5: V_dc、V_ll、f_sw、チップ面積、耐圧設計、電流密度、冷却流速、バスバー温度余裕、EMI遮断周波数など、設計余地がある変数を感度対象にします。
A6: 半導体深化 | B6: V_dc→必要耐圧→ドリフト層厚/ドーピング→比オン抵抗→R_on、およびチップ面積→R_on低下/C_oss増加/チップ重量増加を別経路で表現します。
A7: 感度 | B7: 局所弾性 ε を親式ごとに定義し、S_child=S_parent×ε でトップ重量まで伝播します。重量列は |S|×M_inv の感度等価重量です。
A8: トレードオフ | B8: 同一変数が複数経路に現れる場合、ダッシュボードで重量増加側・減少側・ネット感度を集計します。
A9: Level 12 | B9: 主要枝を最大Level 12まで深化しています。式右辺の変数は下位ノードの変数列に接続します。
A10: 位置付け | B10: 説明・デモ用の独立Excel版です。本流の要求仕様書・DB設計・プログラム版には影響させません。
A12: 式・係数は説明用簡易モデルです。半導体の耐圧―ドリフト層―オン抵抗―寄生容量などの物理関係は方向性とトレードオフをExcelで追跡するための近似です。実設計ではデバイスデータ/TCAD/損失マップへ置換してください。
A14: 入力体系 v1.1
A15: ① システム要求 | B15: 07_システム要求を入力
A16: ② シナリオ設計選択 | B16: 10_シナリオ入力の20項目だけ必要に応じ変更
A17: ③ 基準仕様 | B17: 09_基準仕様は材料/技術世代変更時のみ編集
A18: v2.2ダッシュボード | B18: 03_ダッシュボードは02_ツリーのQ=変数初出判定、R=変数連番から一意変数を自動表示します。通常QはCOUNTIF初出判定式。artifact_toolの文字列再計算不具合が出る6つの一意変数のみ、構造監査で唯一性を確認したうえでQを=1式としています（固定値手入力ではありません）。
A19: 感度計算経路 | B19: 主要計算経路は02_ツリーのParent ID、現在値F、説明式I、局所弾性J、正規化感度K、備考Nで追跡します。MAX/IF/トポロジー切替は式と備考に明示します。
A20: 互換性 | B20: ダッシュボード式はINDEX/MATCH/SUMIFS/AGGREGATEのみを使用し、スピル配列は不使用。
A21: v2.3 双方向GaN | B21: R038をmonolithic bidirectional GaNへ深化。CSIで別体逆阻止ダイオード削減、Ron/SW損失、dual-gate、substrate management、1200V適合、高周波化余地をモデル化。
A22: 評価方法 | B22: Enable_BD_GaNはCSI=1時のみ有効。Eon/Eoff/Eossが0ならk_BD_GaN_Esw_ratioを使用。高周波化余地は診断値でありf_swを自動変更しない。
A23: v3.0 | B23: 物理階層・二重計上・F式・J/K・研究将来技術・シート間参照・表示説明式を再監査。CSI/DCDC/LdcはDCDC機能と独立半導体段を分離し、同一Ldcを1回だけ計上。
A24: v3.1 | B24: v3.0後監査で検出したDPWM局所感度・表示経路とL重量係数J式を是正。DPWM C枝を局所展開し、Enableのシナリオ差分と連続パラメータ感度を分離。
A25: v3.2 | B25: Phase9最終回帰・残件解消を完了。Dashboard 468/468一致、Level自動計算整合、入力/基準仕様640件監査OK、主要シナリオ回帰、Structure/F/J/K/Level/cross-sheet/formula error監査を通過した最終リリース候補。

Sheet 01_入力仕様
A1: 01_入力仕様：固定要求・設計仕様・技術パラメータ | J1: システム推奨値 | K1: 自動計算/根拠 | L1: 適用区分 | M1: 手動上書き値 | N1: 新入力分類 | O1: 参照元 | P1: ユーザー操作 | Q1: 入力自動化備考
A4: 分類 | B4: 仕様 / 技術パラメータ | C4: 変数 | D4: 入力値 | E4: 単位 | F4: 主な影響先 | G4: 備考 | H4: 入力区分 | I4: 感度対象
A5: システム要求 | B5: 定格出力 | C5: P_out | D5: ='07_システム要求'!D9 -> 100 | E5: kW | F5: 電流・損失・容量 | G5: 上位アプリケーションで決定 | H5: 固定要求 | I5: 対象外 | J5: ='07_システム要求'!D9 -> 100 | K5: 上位システム定格出力 | L5: 自動 | M5: 100 | N5: システム要求→自動計算 | O5: 07_システム要求 | P5: システム要求のみ編集 | Q5: D列は直接編集せず参照元を編集
A6: 製品仕様 | B6: DCバス電圧 | C6: V_dc | D6: ='07_システム要求'!D13 -> 800 | E6: V | F6: 耐圧・Psw・Cdc・Idc・EMI | G6: 変更余地あり | H6: 設計変数 | I6: 対象 | J6: ='07_システム要求'!D13 -> 800 | K6: DCバス公称電圧 | L6: 自動 | M6: 800 | N6: システム要求→自動計算 | O6: 07_システム要求 | P6: システム要求のみ編集 | Q6: D列は直接編集せず参照元を編集
A7: 製品仕様 | B7: モータ線間電圧RMS | C7: V_ll | D7: ='07_システム要求'!D12 -> 400 | E7: V | F7: 相電流 | G7: モータ巻線構成等で変更余地 | H7: 設計変数 | I7: 対象 | J7: ='07_システム要求'!D12 -> 400 | K7: モータ最大線間電圧。モータ協調設計のため手動上書きを維持 | L7: 推奨のみ | M7: 400 | N7: システム要求→自動計算 | O7: 07_システム要求 | P7: システム要求のみ編集 | Q7: D列は直接編集せず参照元を編集
A8: 製品仕様 | B8: 力率 | C8: PF | D8: ='07_システム要求'!D14 -> 0.95 | E8: - | F8: 相電流 | G8: モータ/制御で改善余地 | H8: 設計変数 | I8: 対象 | J8: ='07_システム要求'!D14 -> 0.95 | K8: 目標力率 | L8: 自動 | M8: 0.95 | N8: システム要求→自動計算 | O8: 07_システム要求 | P8: システム要求のみ編集 | Q8: D列は直接編集せず参照元を編集
A9: 製品仕様 | B9: インバータ効率 | C9: eta | D9: ='07_システム要求'!D15 -> 0.97 | E9: - | F9: 相/DC電流 | G9: 簡易扱い | H9: 設計変数 | I9: 対象 | J9: ='07_システム要求'!D15 -> 0.97 | K9: 目標変換効率 | L9: 自動 | M9: 0.97 | N9: システム要求→自動計算 | O9: 07_システム要求 | P9: システム要求のみ編集 | Q9: D列は直接編集せず参照元を編集
A10: 製品仕様 | B10: スイッチング周波数 | C10: f_sw | D10: ='07_システム要求'!M10 -> 16000 | E10: Hz | F10: SW損失・EMI | G10: 主要トレードオフ | H10: 設計変数 | I10: 対象 | J10: ='07_システム要求'!M10 -> 16000 | K10: 最高電気周波数×最低PWM回数。可聴域回避要求も考慮 | L10: 自動 | M10: 10000 | N10: システム要求→自動計算 | O10: 07_システム要求 | P10: システム要求のみ編集 | Q10: D列は直接編集せず参照元を編集
A11: 製品仕様 | B11: 許容DC電圧リップル率 | C11: r_vdc | D11: ='09_基準仕様'!E9 -> 0.05 | E11: - | F11: C_req | G11: DCリンク電圧リップル許容値5%を基準設計値として採用。物理定数ではなくC_reqを決めるシステム設計要求。実機のDCバス品質要求に合わせて変更する。 | H11: 設計変数 | I11: 対象 | N11: 基準仕様（シナリオ間固定） | O11: 09_基準仕様 | P11: 通常は編集しない | Q11: D列は直接編集せず参照元を編集
A12: 製品仕様 | B12: DCリンクバッファ時間 | C12: t_buf | D12: ='09_基準仕様'!E10 -> 0.0005 | E12: s | F12: C_req | G12: DCリンクCのエネルギーバッファ時間0.5 msを基準設計値として採用。物理定数ではなくC_reqを決める簡略設計仮定。負荷過渡/制御帯域の要求で校正する。 | H12: 設計変数 | I12: 対象 | N12: 基準仕様（シナリオ間固定） | O12: 09_基準仕様 | P12: 通常は編集しない | Q12: D列は直接編集せず参照元を編集
A13: 半導体 | B13: パワーデバイス総数 | C13: N_power_device_total | D13: ='07_システム要求'!M24 -> 6 | E13: 個 | F13: M_semi/P_sw | G13: トポロジー自動算出 | H13: 設計変数 | I13: 対象 | N13: システム要求→自動計算 | O13: 07_システム要求 | P13: 通常は直接編集しない | Q13: VSIトポロジー/CSIから自動算出
A14: 半導体 | B14: DC電圧→必要耐圧係数 | C14: K_vblk | D14: 1 | E14: - | F14: V_block_req | G14: 2L-VSI/CSIでは K_vblk×Vdc+surge。3L-NPC/ANPCでは Vdc/2+surge とし、K_vblkは3L枝に適用しない。 | H14: 技術係数 | I14: 対象 | N14: 基準仕様（シナリオ間固定） | O14: 09_基準仕様 | P14: 通常は編集しない | Q14: D列は直接編集せず参照元を編集
A15: 半導体 | B15: ドリフト層電界利用率 | C15: k_Euse | D15: ='09_基準仕様'!E13 -> 0.72 | E15: - | F15: E_allow | G15: 材料臨界電界E_critをそのまま使わず72%に制限する設計利用率。欠陥・温度・電界集中・信頼性余裕をまとめた簡略係数で、普遍定数ではない。 | H15: 技術係数 | I15: 対象 | N15: 基準仕様（シナリオ間固定） | O15: 09_基準仕様 | P15: 通常は編集しない | Q15: D列は直接編集せず参照元を編集
A16: 半導体 | B16: 材料臨界電界 | C16: E_crit | D16: ='09_基準仕様'!E14 -> 250000000 | E16: V/m | F16: E_allow | G16: 4H-SiCの臨界電界の代表値として2.5 MV/cm (=2.5×10^8 V/m)を採用。結晶方位・ドーピング・温度で変化するため、設計余裕は別変数k_Euseで与える。参考: https://repository.kulib.kyoto-u.ac.jp/dspace/bitstream/2433/288729/1/dkogk05254.pdf | H16: 材料 | I16: 対象 | N16: 基準仕様（シナリオ間固定） | O16: 09_基準仕様 | P16: 通常は編集しない | Q16: D列は直接編集せず参照元を編集
A17: 半導体 | B17: ドリフト層厚余裕係数 | C17: K_tdrift | D17: ='09_基準仕様'!E15 -> 1.15 | E17: - | F17: t_drift | G17: 理想ドリフト層厚に15%余裕を持たせる簡略安全係数。端部電界・製造ばらつき等をまとめた設計仮定で、デバイス実測/TCADで校正する。 | H17: 技術係数 | I17: 対象 | N17: 基準仕様（シナリオ間固定） | O17: 09_基準仕様 | P17: 通常は編集しない | Q17: D列は直接編集せず参照元を編集
A18: 半導体 | B18: 基準ドーピング濃度 | C18: N_d_ref | D18: ='09_基準仕様'!E16 -> 8e+21 | E18: 1/m³ | F18: N_drift | G18: 説明用 | H18: 材料 | I18: 対象 | N18: 基準仕様（シナリオ間固定） | O18: 09_基準仕様 | P18: 通常は編集しない | Q18: D列は直接編集せず参照元を編集
A19: 半導体 | B19: 耐圧基準 | C19: V_ref_nd | D19: ='09_基準仕様'!E17 -> 1200 | E19: V | F19: N_drift | G19: ドリフト層ドーピングの正規化基準として1200 Vを採用。物理定数ではなく比率式の基準点。1200 V級SiCデバイスを基準にしたモデル正規化値。 | H19: 技術係数 | I19: 対象 | N19: 基準仕様（シナリオ間固定） | O19: 09_基準仕様 | P19: 通常は編集しない | Q19: D列は直接編集せず参照元を編集
A20: 半導体 | B20: ドーピング耐圧指数 | C20: a_nd | D20: ='09_基準仕様'!E18 -> 1.2 | E20: - | F20: N_drift | G20: N∝V^-a | H20: 技術係数 | I20: 対象 | N20: 基準仕様（シナリオ間固定） | O20: 09_基準仕様 | P20: 通常は編集しない | Q20: D列は直接編集せず参照元を編集
A21: 半導体 | B21: 電子移動度 | C21: mu_n | D21: ='09_基準仕様'!E19 -> 0.08 | E21: m²/(V·s) | F21: rho_drift | G21: 説明用SiC | H21: 材料 | I21: 対象 | N21: 基準仕様（シナリオ間固定） | O21: 09_基準仕様 | P21: 通常は編集しない | Q21: D列は直接編集せず参照元を編集
A22: 半導体 | B22: 素電荷 | C22: q_e | D22: ='09_基準仕様'!E20 -> 1.602e-19 | E22: C | F22: rho_drift | G22: 物理定数 | H22: 固定定数 | I22: 対象外 | N22: 基準仕様（シナリオ間固定） | O22: 09_基準仕様 | P22: 通常は編集しない | Q22: D列は直接編集せず参照元を編集
A23: 半導体 | B23: 比オン抵抗補正係数 | C23: K_rsp | D23: ='09_基準仕様'!E21 -> 1 | E23: - | F23: Rsp_drift | G23: 比オン抵抗簡略式の補正係数。初期値1.0は基準モデルをそのまま用いる意味で、実デバイスR_on,spとの比較で校正する。 | H23: 技術係数 | I23: 対象 | N23: 基準仕様（シナリオ間固定） | O23: 09_基準仕様 | P23: 通常は編集しない | Q23: D列は直接編集せず参照元を編集
A24: 半導体 | B24: セル/コンタクト抵抗面積積 | C24: Rsp_cell | D24: ='09_基準仕様'!E22 -> 0.0015 | E24: Ω·mm² | F24: Rsp_total | G24: 説明用 | H24: 技術係数 | I24: 対象 | N24: 基準仕様（シナリオ間固定） | O24: 09_基準仕様 | P24: 通常は編集しない | Q24: D列は直接編集せず参照元を編集
A25: 半導体 | B25: チップ面積 | C25: A_chip | D25: ='09_基準仕様'!E23 -> 100 | E25: mm² | F25: Ron,Coss,m_chip | G25: 主要トレードオフ | H25: 設計変数 | I25: 対象 | J25: ='07_システム要求'!M15 -> 100 | K25: 現製品基準のチップ面積スケーリング。探索変数なので固定しない | L25: 推奨のみ | M25: 100 | N25: 基準仕様（シナリオ間固定） | O25: 09_基準仕様 | P25: 通常は編集しない | Q25: D列は直接編集せず参照元を編集
A26: 半導体 | B26: チップ厚さ | C26: t_chip | D26: ='09_基準仕様'!E24 -> 0.18 | E26: mm | F26: m_chip | G26: パワー半導体チップの基準厚さ0.18 mm。物理定数ではなく重量換算用の設計値で、実採用ウェハ/ダイ厚に置換する。 | H26: 設計変数 | I26: 対象 | N26: 基準仕様（シナリオ間固定） | O26: 09_基準仕様 | P26: 通常は編集しない | Q26: D列は直接編集せず参照元を編集
A27: 半導体 | B27: チップ密度 | C27: rho_chip | D27: ='09_基準仕様'!E25 -> 3210 | E27: kg/m³ | F27: m_chip | G27: SiC | H27: 材料 | I27: 対象 | N27: 基準仕様（シナリオ間固定） | O27: 09_基準仕様 | P27: 通常は編集しない | Q27: D列は直接編集せず参照元を編集
A28: 半導体 | B28: 出力容量面積係数 | C28: Coss_area_ref | D28: ='09_基準仕様'!E26 -> 0.0051788079 | E28: nF/mm² | F28: Coss | G28: 説明用 | H28: 技術係数 | I28: 対象 | N28: 基準仕様（シナリオ間固定） | O28: 09_基準仕様 | P28: 通常は編集しない | Q28: D列は直接編集せず参照元を編集
A29: 半導体 | B29: 容量耐圧指数 | C29: b_coss | D29: ='09_基準仕様'!E27 -> 0.35 | E29: - | F29: Coss | G29: Coss∝V^-b | H29: 技術係数 | I29: 対象 | N29: 基準仕様（シナリオ間固定） | O29: 09_基準仕様 | P29: 通常は編集しない | Q29: D列は直接編集せず参照元を編集
A30: 半導体 | B30: 容量耐圧基準 | C30: V_ref_coss | D30: ='09_基準仕様'!E28 -> 1200 | E30: V | F30: Coss | G30: Cossの耐圧依存を正規化する基準電圧1200 V。物理定数ではなく1200 V級デバイスを基準にしたモデル係数。 | H30: 技術係数 | I30: 対象 | N30: 基準仕様（シナリオ間固定） | O30: 09_基準仕様 | P30: 通常は編集しない | Q30: D列は直接編集せず参照元を編集
A31: 半導体 | B31: スイッチングエネルギー容量係数 | C31: K_esw | D31: ='09_基準仕様'!E29 -> 1 | E31: - | F31: E_sw | G31: 0.5CV²簡略化 | H31: 技術係数 | I31: 対象 | N31: 基準仕様（シナリオ間固定） | O31: 09_基準仕様 | P31: 通常は編集しない | Q31: D列は直接編集せず参照元を編集
A32: 半導体 | B32: チップ数係数 | C32: k_chip | D32: ='09_基準仕様'!E30 -> 1.25 | E32: - | F32: N_chip_mod | G32: 電流分担・温度・信頼性余裕を含め、理論必要チップ数へ25%余裕を与える簡略係数。実デバイスSOA/熱設計で校正する。 | H32: 技術係数 | I32: 対象 | N32: 基準仕様（シナリオ間固定） | O32: 09_基準仕様 | P32: 通常は編集しない | Q32: D列は直接編集せず参照元を編集
A33: 半導体 | B33: チップ許容電流密度 | C33: J_chip | D33: ='09_基準仕様'!E31 -> 1.15 | E33: A/mm² | F33: I_chip | G33: チップ面積推定用の基準電流密度1.15 A/mm²。物理定数ではなく100 kW級の一次面積見積り用設計仮定。採用チップの定格電流・実効面積で必ず校正する。 | H33: 設計変数 | I33: 対象 | N33: 基準仕様（シナリオ間固定） | O33: 09_基準仕様 | P33: 通常は編集しない | Q33: D列は直接編集せず参照元を編集
A34: 半導体 | B34: チップ有効面積率 | C34: k_active | D34: ='09_基準仕様'!E32 -> 0.72 | E34: - | F34: A_active | G34: ダイ外形面積に対する有効通電領域72%の簡略仮定。端部終端・ゲート/パッド領域を除外する面積利用率で、レイアウト実測で校正する。 | H34: 技術係数 | I34: 対象 | N34: 基準仕様（シナリオ間固定） | O34: 09_基準仕様 | P34: 通常は編集しない | Q34: D列は直接編集せず参照元を編集
A35: 半導体 | B35: DBC面積 | C35: A_dbc | D35: ='09_基準仕様'!E33 -> 4200 | E35: mm² | F35: m_dbc | G35: 100 kW級基準モデルのDBC面積として置いた初期設計値。物理定数ではない。m_dbcの一次見積り用で、実機BOM・CAD・採用部品データに置換/校正する。 | H35: 設計変数 | I35: 対象 | N35: 基準仕様（シナリオ間固定） | O35: 09_基準仕様 | P35: 通常は編集しない | Q35: D列は直接編集せず参照元を編集
A36: 半導体 | B36: DBC等価厚さ | C36: t_dbc | D36: ='09_基準仕様'!E34 -> 0.92 | E36: mm | F36: m_dbc | G36: 100 kW級基準モデルのDBC等価厚さとして置いた初期設計値。物理定数ではない。m_dbcの一次見積り用で、実機BOM・CAD・採用部品データに置換/校正する。 | H36: 設計変数 | I36: 対象 | N36: 基準仕様（シナリオ間固定） | O36: 09_基準仕様 | P36: 通常は編集しない | Q36: D列は直接編集せず参照元を編集
A37: 半導体 | B37: DBC等価密度 | C37: rho_dbc | D37: ='09_基準仕様'!E35 -> 4000 | E37: kg/m³ | F37: m_dbc | G37: Cu/セラミック/Cu積層を一体化した等価密度4,000 kg/m³。Cu≈8,960 kg/m³、AlN≈3,260 kg/m³と層厚から見て妥当なオーダーの簡略値。実層厚で再計算する。 | H37: 材料 | I37: 対象 | N37: 基準仕様（シナリオ間固定） | O37: 09_基準仕様 | P37: 通常は編集しない | Q37: D列は直接編集せず参照元を編集
... A59: バスバー | B59: 許容導体温度 | C59: T_bus_max | D59: ='09_基準仕様'!E57 -> 105 | E59: °C | F59: dT_bus | G59: バスバー導体の許容温度105°Cを基準設計値として採用。絶縁材・周囲温度・接続部定格により変更する。 | H59: 設計変数 | I59: 対象 | N59: 基準仕様（シナリオ間固定） | O59: 09_基準仕様 | P59: 通常は編集しない | Q59: D列は直接編集せず参照元を編集
A60: バスバー | B60: 周囲温度 | C60: T_amb | D60: ='07_システム要求'!D18 -> 45 | E60: °C | F60: dT_bus | G60: 外部条件 | H60: 外部条件 | I60: 対象 | J60: ='07_システム要求'!D18 -> 45 | K60: システム最大周囲温度 | L60: 自動 | M60: 45 | N60: システム要求→自動計算 | O60: 07_システム要求 | P60: システム要求のみ編集 | Q60: D列は直接編集せず参照元を編集
A61: バスバー | B61: 基準温度上昇 | C61: dT_bus_ref | D61: ='09_基準仕様'!E58 -> 60 | E61: K | F61: J_bus | G61: バスバー電流密度補正式の基準温度上昇60 K。物理定数ではなく熱設計の正規化値。 | H61: 技術係数 | I61: 対象 | N61: 基準仕様（シナリオ間固定） | O61: 09_基準仕様 | P61: 通常は編集しない | Q61: D列は直接編集せず参照元を編集
A62: バスバー | B62: 放熱改善係数 | C62: k_bus_cool | D62: ='09_基準仕様'!E59 -> 1 | E62: - | F62: J_bus | G62: バスバー放熱改善の補正係数。1.0は基準冷却条件、放熱構造変更時に実測/熱解析で校正する。 | H62: 技術係数 | I62: 対象 | N62: 基準仕様（シナリオ間固定） | O62: 09_基準仕様 | P62: 通常は編集しない | Q62: D列は直接編集せず参照元を編集
A63: バスバー | B63: 導体総長 | C63: L_bus | D63: ='09_基準仕様'!E60 -> 1.2 | E63: m | F63: m_bus | G63: 100 kW級基準モデルの導体総長として置いた初期設計値。物理定数ではない。m_busの一次見積り用で、実機BOM・CAD・採用部品データに置換/校正する。 | H63: 設計変数 | I63: 対象 | N63: 基準仕様（シナリオ間固定） | O63: 09_基準仕様 | P63: 通常は編集しない | Q63: D列は直接編集せず参照元を編集
A64: バスバー | B64: 導体本数係数 | C64: N_bus | D64: ='09_基準仕様'!E61 -> 2 | E64: - | F64: m_bus | G64: DC+ / DC−等の主要導体本数を2本として重量換算する構成係数。回路・積層構造に応じて変更する。 | H64: 設計係数 | I64: 対象 | N64: 基準仕様（シナリオ間固定） | O64: 09_基準仕様 | P64: 通常は編集しない | Q64: D列は直接編集せず参照元を編集
A65: バスバー | B65: 導体密度 | C65: rho_bus | D65: ='09_基準仕様'!E62 -> 8960 | E65: kg/m³ | F65: m_bus | G65: Cu | H65: 材料 | I65: 対象 | N65: 基準仕様（シナリオ間固定） | O65: 09_基準仕様 | P65: 通常は編集しない | Q65: D列は直接編集せず参照元を編集
A66: バスバー | B66: 絶縁・支持係数 | C66: K_bus | D66: ='09_基準仕様'!E63 -> 1.18 | E66: - | F66: M_bus | G66: 絶縁フィルム・支持部材・端部処理を含め導体重量へ18%加算する簡略係数。実BOMで校正する。 | H66: 技術係数 | I66: 対象 | N66: 基準仕様（シナリオ間固定） | O66: 09_基準仕様 | P66: 通常は編集しない | Q66: D列は直接編集せず参照元を編集
A67: 筐体 | B67: 筐体長さ | C67: L_case | D67: ='09_基準仕様'!E64 -> 0.45 | E67: m | F67: A_case | G67: 100 kW級基準モデルの筐体長さとして置いた初期設計値。物理定数ではない。A_caseの一次見積り用で、実機BOM・CAD・採用部品データに置換/校正する。 | H67: 設計変数 | I67: 対象 | N67: 基準仕様（シナリオ間固定） | O67: 09_基準仕様 | P67: 通常は編集しない | Q67: D列は直接編集せず参照元を編集
A68: 筐体 | B68: 筐体幅 | C68: W_case | D68: ='09_基準仕様'!E65 -> 0.3 | E68: m | F68: A_case | G68: 100 kW級基準モデルの筐体幅として置いた初期設計値。物理定数ではない。A_caseの一次見積り用で、実機BOM・CAD・採用部品データに置換/校正する。 | H68: 設計変数 | I68: 対象 | N68: 基準仕様（シナリオ間固定） | O68: 09_基準仕様 | P68: 通常は編集しない | Q68: D列は直接編集せず参照元を編集
A69: 筐体 | B69: 筐体高さ | C69: H_case | D69: ='09_基準仕様'!E66 -> 0.15 | E69: m | F69: A_case | G69: 100 kW級基準モデルの筐体高さとして置いた初期設計値。物理定数ではない。A_caseの一次見積り用で、実機BOM・CAD・採用部品データに置換/校正する。 | H69: 設計変数 | I69: 対象 | N69: 基準仕様（シナリオ間固定） | O69: 09_基準仕様 | P69: 通常は編集しない | Q69: D列は直接編集せず参照元を編集
A70: 筐体 | B70: 平均板厚 | C70: t_case | D70: ='09_基準仕様'!E67 -> 0.0018 | E70: m | F70: M_case | G70: 100 kW級基準モデルの平均板厚として置いた初期設計値。物理定数ではない。M_caseの一次見積り用で、実機BOM・CAD・採用部品データに置換/校正する。 | H70: 設計変数 | I70: 対象 | N70: 基準仕様（シナリオ間固定） | O70: 09_基準仕様 | P70: 通常は編集しない | Q70: D列は直接編集せず参照元を編集
A71: 筐体 | B71: 材料密度 | C71: rho_case | D71: ='09_基準仕様'!E68 -> 2700 | E71: kg/m³ | F71: M_case | G71: Al | H71: 材料 | I71: 対象 | N71: 基準仕様（シナリオ間固定） | O71: 09_基準仕様 | P71: 通常は編集しない | Q71: D列は直接編集せず参照元を編集
A72: 筐体 | B72: 開口率 | C72: r_open | D72: ='09_基準仕様'!E69 -> 0.18 | E72: - | F72: K_case | G72: 筐体開口率18%を基準構造値として採用。コネクタ/冷却開口等を簡略反映し、CAD面積で校正する。 | H72: 設計変数 | I72: 対象 | N72: 基準仕様（シナリオ間固定） | O72: 09_基準仕様 | P72: 通常は編集しない | Q72: D列は直接編集せず参照元を編集
... A85: 固定重量 | B85: その他固定重量 | C85: m_other | D85: ='09_基準仕様'!E82 -> 0.5 | E85: kg | F85: M_inv | G85: 100 kW級基準モデルのその他固定重量として置いた初期設計値。物理定数ではない。M_invの一次見積り用で、実機BOM・CAD・採用部品データに置換/校正する。 | H85: 参考値 | I85: 対象外 | N85: 基準仕様（シナリオ間固定） | O85: 09_基準仕様 | P85: 通常は編集しない | Q85: D列は直接編集せず参照元を編集
A86: 半導体 | B86: 並列数 | C86: N_parallel | D86: ='07_システム要求'!M16 -> 3 | E86: - | F86: R_on低下・半導体重量増 | G86: 1=現状、2=2並列 | H86: 設計変数 | I86: 対象 | J86: ='07_システム要求'!M16 -> 3 | K86: 過負荷電流からの初期推奨。離散探索変数なので固定しない | L86: 推奨のみ | M86: 1 | N86: システム要求→自動計算 | O86: 07_システム要求 | P86: 通常は直接編集しない | Q86: 過負荷電流から並列数を自動推奨・適用
A87: 半導体 | B87: 並列1系統あたり追加重量 | C87: m_parallel_unit | D87: ='09_基準仕様'!E83 -> 0.035 | E87: kg/系統 | F87: M_parallel | G87: ゲート/端子/チップ等の等価重量 | H87: 技術係数 | I87: 対象 | N87: 基準仕様（シナリオ間固定） | O87: 09_基準仕様 | P87: 通常は編集しない | Q87: D列は直接編集せず参照元を編集
A88: ソフトスイッチング | B88: ソフトスイッチング有効 | C88: Enable_SS | D88: ='10_シナリオ入力'!E9 -> 0 | E88: 0/1 | F88: P_sw低減・追加回路重量増 | G88: 0=無効, 1=有効 | H88: 技術選択 | I88: 対象 | N88: シナリオ固有手入力 | O88: 10_シナリオ入力 | P88: 必要に応じて編集 | Q88: シナリオ表を参照
A89: ソフトスイッチング | B89: 有効時SW損失残存率 | C89: k_ss_residual | D89: ='09_基準仕様'!E84 -> 0.25 | E89: - | F89: k_ss_eff | G89: ソフトスイッチングON時にハードスイッチング損失の25%が残る、すなわち75%低減とするシナリオ仮定。一般値ではない。実回路のEon/Eoff/Eoss実測または回路シミュレーションからハード/ソフトの損失比へ置換する。 | H89: 技術係数 | I89: 対象 | N89: 基準仕様（シナリオ間固定） | O89: 09_基準仕様 | P89: 通常は編集しない | Q89: D列は直接編集せず参照元を編集
A90: ソフトスイッチング | B90: 補助スイッチ数 | C90: N_aux_ss | D90: ='09_基準仕様'!E85 -> 2 | E90: 個 | F90: M_aux_ss | G90: 100 kW級基準モデルの補助スイッチ数として置いた初期設計値。物理定数ではない。M_aux_ssの一次見積り用で、実機BOM・CAD・採用部品データに置換/校正する。 | H90: 技術仕様 | I90: 対象 | N90: 基準仕様（シナリオ間固定） | O90: 09_基準仕様 | P90: 通常は編集しない | Q90: D列は直接編集せず参照元を編集
A91: ソフトスイッチング | B91: 補助スイッチ単体重量 | C91: m_aux_ss | D91: ='09_基準仕様'!E86 -> 0.045 | E91: kg/個 | F91: M_aux_ss | G91: 100 kW級基準モデルの補助スイッチ単体重量として置いた初期設計値。物理定数ではない。M_aux_ssの一次見積り用で、実機BOM・CAD・採用部品データに置換/校正する。 | H91: 技術仕様 | I91: 対象 | N91: 基準仕様（シナリオ間固定） | O91: 09_基準仕様 | P91: 通常は編集しない | Q91: D列は直接編集せず参照元を編集
A92: ソフトスイッチング | B92: 共振L設計係数 | C92: k_Lr | D92: ='09_基準仕様'!E87 -> 0.18 | E92: - | F92: L_r | G92: L_rの簡略式で用いる共振L設計係数の補正/正規化係数。普遍定数ではなく基準モデル再現用の経験値・設計仮定。実測/詳細解析/部品データで校正する。 | H92: 技術係数 | I92: 対象 | N92: 基準仕様（シナリオ間固定） | O92: 09_基準仕様 | P92: 通常は編集しない | Q92: D列は直接編集せず参照元を編集
A93: ソフトスイッチング | B93: 共振C設計係数 | C93: k_Cr | D93: ='09_基準仕様'!E88 -> 0.18 | E93: - | F93: C_r | G93: C_rの簡略式で用いる共振C設計係数の補正/正規化係数。普遍定数ではなく基準モデル再現用の経験値・設計仮定。実測/詳細解析/部品データで校正する。 | H93: 技術係数 | I93: 対象 | N93: 基準仕様（シナリオ間固定） | O93: 09_基準仕様 | P93: 通常は編集しない | Q93: D列は直接編集せず参照元を編集
A94: ソフトスイッチング | B94: 共振L重量係数 | C94: k_mLr | D94: ='09_基準仕様'!E89 -> 25000 | E94: kg/(H·kA²) | F94: m_Lr | G94: 簡易係数 | H94: 技術係数 | I94: 対象 | N94: 基準仕様（シナリオ間固定） | O94: 09_基準仕様 | P94: 通常は編集しない | Q94: D列は直接編集せず参照元を編集
A95: ソフトスイッチング | B95: 共振C重量係数 | C95: k_mCr | D95: ='09_基準仕様'!E90 -> 2500 | E95: kg/(F·kV²) | F95: m_Cr | G95: 簡易係数 | H95: 技術係数 | I95: 対象 | N95: 基準仕様（シナリオ間固定） | O95: 09_基準仕様 | P95: 通常は編集しない | Q95: D列は直接編集せず参照元を編集
A96: ソフトスイッチング | B96: 追加制御回路重量 | C96: m_ctrl_ss | D96: ='09_基準仕様'!E91 -> 0.08 | E96: kg | F96: M_ss | G96: 100 kW級基準モデルの追加制御回路重量として置いた初期設計値。物理定数ではない。M_ssの一次見積り用で、実機BOM・CAD・採用部品データに置換/校正する。 | H96: 技術仕様 | I96: 対象 | N96: 基準仕様（シナリオ間固定） | O96: 09_基準仕様 | P96: 通常は編集しない | Q96: D列は直接編集せず参照元を編集
A97: DBC | B97: DBC長さ | C97: L_dbc | D97: ='09_基準仕様'!E92 -> 0.07 | E97: m | F97: A_dbc | G97: 100 kW級基準モデルのDBC長さとして置いた初期設計値。物理定数ではない。A_dbcの一次見積り用で、実機BOM・CAD・採用部品データに置換/校正する。 | H97: 設計変数 | I97: 対象 | N97: 基準仕様（シナリオ間固定） | O97: 09_基準仕様 | P97: 通常は編集しない | Q97: D列は直接編集せず参照元を編集
A98: DBC | B98: DBC幅 | C98: W_dbc | D98: ='09_基準仕様'!E93 -> 0.06 | E98: m | F98: A_dbc | G98: 100 kW級基準モデルのDBC幅として置いた初期設計値。物理定数ではない。A_dbcの一次見積り用で、実機BOM・CAD・採用部品データに置換/校正する。 | H98: 設計変数 | I98: 対象 | N98: 基準仕様（シナリオ間固定） | O98: 09_基準仕様 | P98: 通常は編集しない | Q98: D列は直接編集せず参照元を編集
A99: DBC | B99: 上銅厚 | C99: t_cu_top | D99: ='09_基準仕様'!E94 -> 0.3 | E99: mm | F99: t_dbc/rho_dbc | G99: 100 kW級基準モデルの上銅厚として置いた初期設計値。物理定数ではない。t_dbc/rho_dbcの一次見積り用で、実機BOM・CAD・採用部品データに置換/校正する。 | H99: 設計変数 | I99: 対象 | N99: 基準仕様（シナリオ間固定） | O99: 09_基準仕様 | P99: 通常は編集しない | Q99: D列は直接編集せず参照元を編集
A100: DBC | B100: セラミック厚 | C100: t_cer | D100: ='09_基準仕様'!E95 -> 0.32 | E100: mm | F100: t_dbc/rho_dbc | G100: 100 kW級基準モデルのセラミック厚として置いた初期設計値。物理定数ではない。t_dbc/rho_dbcの一次見積り用で、実機BOM・CAD・採用部品データに置換/校正する。 | H100: 設計変数 | I100: 対象 | N100: 基準仕様（シナリオ間固定） | O100: 09_基準仕様 | P100: 通常は編集しない | Q100: D列は直接編集せず参照元を編集
... A130: 制御回路 | B130: PCB搭載部品重量 | C130: m_ctrl_comp | D130: ='09_基準仕様'!E125 -> 0.1 | E130: kg | F130: m_ctrl_pcb | G130: 100 kW級基準モデルのPCB搭載部品重量として置いた初期設計値。物理定数ではない。m_ctrl_pcbの一次見積り用で、実機BOM・CAD・採用部品データに置換/校正する。 | H130: 設計変数 | I130: 対象 | N130: 基準仕様（シナリオ間固定） | O130: 09_基準仕様 | P130: 通常は編集しない | Q130: D列は直接編集せず参照元を編集
A131: ゲート回路 | B131: ゲートドライバ数 | C131: N_gate | D131: ='07_システム要求'!M18 -> 6 | E131: 個 | F131: m_gate/P_gate | G131: N_power_deviceと一致 | H131: 設計変数 | I131: 対象 | J131: ='07_システム要求'!M18 -> 6 | K131: 固定トポロジーからゲート数を決定 | L131: 自動 | M131: 6 | N131: システム要求→自動計算 | O131: 07_システム要求 | P131: 通常は直接編集しない | Q131: パワーデバイス個数に一致
A132: ゲート回路 | B132: ドライバ単体重量 | C132: m_gate_unit | D132: ='09_基準仕様'!E126 -> 0.018 | E132: kg/個 | F132: m_gate | G132: 100 kW級基準モデルのドライバ単体重量として置いた初期設計値。物理定数ではない。m_gateの一次見積り用で、実機BOM・CAD・採用部品データに置換/校正する。 | H132: 設計変数 | I132: 対象 | N132: 基準仕様（シナリオ間固定） | O132: 09_基準仕様 | P132: 通常は編集しない | Q132: D列は直接編集せず参照元を編集
A133: 制御回路 | B133: 補助電源重量 | C133: m_aux_supply | D133: ='09_基準仕様'!E127 -> 0.12 | E133: kg | F133: M_ctrl | G133: 100 kW級基準モデルの補助電源重量として置いた初期設計値。物理定数ではない。M_ctrlの一次見積り用で、実機BOM・CAD・採用部品データに置換/校正する。 | H133: 設計変数 | I133: 対象 | N133: 基準仕様（シナリオ間固定） | O133: 09_基準仕様 | P133: 通常は編集しない | Q133: D列は直接編集せず参照元を編集
A134: センサ | B134: 電流センサ数 | C134: N_isens | D134: ='09_基準仕様'!E128 -> 3 | E134: 個 | F134: m_isens | G134: 100 kW級基準モデルの電流センサ数として置いた初期設計値。物理定数ではない。m_isensの一次見積り用で、実機BOM・CAD・採用部品データに置換/校正する。 | H134: 設計変数 | I134: 対象 | N134: 基準仕様（シナリオ間固定） | O134: 09_基準仕様 | P134: 通常は編集しない | Q134: D列は直接編集せず参照元を編集
A135: センサ | B135: 電流センサ単体重量 | C135: m_isens_unit | D135: ='09_基準仕様'!E129 -> 0.045 | E135: kg/個 | F135: m_isens | G135: 100 kW級基準モデルの電流センサ単体重量として置いた初期設計値。物理定数ではない。m_isensの一次見積り用で、実機BOM・CAD・採用部品データに置換/校正する。 | H135: 設計変数 | I135: 対象 | N135: 基準仕様（シナリオ間固定） | O135: 09_基準仕様 | P135: 通常は編集しない | Q135: D列は直接編集せず参照元を編集
A136: センサ | B136: 電圧センサ数 | C136: N_vsens | D136: ='09_基準仕様'!E130 -> 2 | E136: 個 | F136: m_vsens | G136: 100 kW級基準モデルの電圧センサ数として置いた初期設計値。物理定数ではない。m_vsensの一次見積り用で、実機BOM・CAD・採用部品データに置換/校正する。 | H136: 設計変数 | I136: 対象 | N136: 基準仕様（シナリオ間固定） | O136: 09_基準仕様 | P136: 通常は編集しない | Q136: D列は直接編集せず参照元を編集
A137: センサ | B137: 電圧センサ単体重量 | C137: m_vsens_unit | D137: ='09_基準仕様'!E131 -> 0.025 | E137: kg/個 | F137: m_vsens | G137: 100 kW級基準モデルの電圧センサ単体重量として置いた初期設計値。物理定数ではない。m_vsensの一次見積り用で、実機BOM・CAD・採用部品データに置換/校正する。 | H137: 設計変数 | I137: 対象 | N137: 基準仕様（シナリオ間固定） | O137: 09_基準仕様 | P137: 通常は編集しない | Q137: D列は直接編集せず参照元を編集
A138: センサ | B138: 温度センサ数 | C138: N_tsens | D138: ='09_基準仕様'!E132 -> 4 | E138: 個 | F138: m_tsens | G138: 100 kW級基準モデルの温度センサ数として置いた初期設計値。物理定数ではない。m_tsensの一次見積り用で、実機BOM・CAD・採用部品データに置換/校正する。 | H138: 設計変数 | I138: 対象 | N138: 基準仕様（シナリオ間固定） | O138: 09_基準仕様 | P138: 通常は編集しない | Q138: D列は直接編集せず参照元を編集
A139: センサ | B139: 温度センサ単体重量 | C139: m_tsens_unit | D139: ='09_基準仕様'!E133 -> 0.01 | E139: kg/個 | F139: m_tsens | G139: 100 kW級基準モデルの温度センサ単体重量として置いた初期設計値。物理定数ではない。m_tsensの一次見積り用で、実機BOM・CAD・採用部品データに置換/校正する。 | H139: 設計変数 | I139: 対象 | N139: 基準仕様（シナリオ間固定） | O139: 09_基準仕様 | P139: 通常は編集しない | Q139: D列は直接編集せず参照元を編集
A140: センサ | B140: センサ配線重量 | C140: m_sensor_harness | D140: ='09_基準仕様'!E134 -> 0.055 | E140: kg | F140: M_sensor | G140: 100 kW級基準モデルのセンサ配線重量として置いた初期設計値。物理定数ではない。M_sensorの一次見積り用で、実機BOM・CAD・採用部品データに置換/校正する。 | H140: 設計変数 | I140: 対象 | N140: 基準仕様（シナリオ間固定） | O140: 09_基準仕様 | P140: 通常は編集しない | Q140: D列は直接編集せず参照元を編集
A141: コネクタ | B141: DC端子数 | C141: N_conn_dc | D141: ='09_基準仕様'!E135 -> 2 | E141: 個 | F141: m_conn_dc | G141: 100 kW級基準モデルのDC端子数として置いた初期設計値。物理定数ではない。m_conn_dcの一次見積り用で、実機BOM・CAD・採用部品データに置換/校正する。 | H141: 設計変数 | I141: 対象 | N141: 基準仕様（シナリオ間固定） | O141: 09_基準仕様 | P141: 通常は編集しない | Q141: D列は直接編集せず参照元を編集
A142: コネクタ | B142: DC端子単体重量 | C142: m_conn_dc_unit | D142: ='09_基準仕様'!E136 -> 0.055 | E142: kg/個 | F142: m_conn_dc | G142: 100 kW級基準モデルのDC端子単体重量として置いた初期設計値。物理定数ではない。m_conn_dcの一次見積り用で、実機BOM・CAD・採用部品データに置換/校正する。 | H142: 設計変数 | I142: 対象 | N142: 基準仕様（シナリオ間固定） | O142: 09_基準仕様 | P142: 通常は編集しない | Q142: D列は直接編集せず参照元を編集
A143: コネクタ | B143: AC端子数 | C143: N_conn_ac | D143: ='09_基準仕様'!E137 -> 3 | E143: 個 | F143: m_conn_ac | G143: 100 kW級基準モデルのAC端子数として置いた初期設計値。物理定数ではない。m_conn_acの一次見積り用で、実機BOM・CAD・採用部品データに置換/校正する。 | H143: 設計変数 | I143: 対象 | N143: 基準仕様（シナリオ間固定） | O143: 09_基準仕様 | P143: 通常は編集しない | Q143: D列は直接編集せず参照元を編集
... A149: その他 | B149: 内部ハーネス重量 | C149: m_harness | D149: ='09_基準仕様'!E143 -> 0.2 | E149: kg | F149: M_other | G149: 100 kW級基準モデルの内部ハーネス重量として置いた初期設計値。物理定数ではない。M_otherの一次見積り用で、実機BOM・CAD・採用部品データに置換/校正する。 | H149: 設計変数 | I149: 対象 | N149: 基準仕様（シナリオ間固定） | O149: 09_基準仕様 | P149: 通常は編集しない | Q149: D列は直接編集せず参照元を編集
A150: ゲート駆動 | B150: ターンオンゲート抵抗 | C150: R_g_on | D150: ='10_シナリオ入力'!E23 -> 4 | E150: Ω | F150: t_on,dvdt,P_sw | G150: 小さいほど高速 | H150: 設計変数 | I150: 対象 | N150: シナリオ固有手入力 | O150: 10_シナリオ入力 | P150: 必要に応じて編集 | Q150: シナリオ表を参照
A151: ゲート駆動 | B151: ターンオフゲート抵抗 | C151: R_g_off | D151: ='10_シナリオ入力'!E24 -> 4 | E151: Ω | F151: t_off,di_dt,P_sw | G151: 小さいほど高速 | H151: 設計変数 | I151: 対象 | N151: シナリオ固有手入力 | O151: 10_シナリオ入力 | P151: 必要に応じて編集 | Q151: シナリオ表を参照
A152: ゲート駆動 | B152: ゲート抵抗基準 | C152: R_g_ref | D152: ='09_基準仕様'!E144 -> 4 | E152: Ω | F152: t_on,t_off | G152: ゲートスイッチング時間の正規化基準として4 Ωを採用。実デバイス/ドライバの推奨Rgへ合わせて校正する。 | H152: 技術係数 | I152: 対象 | N152: 基準仕様（シナリオ間固定） | O152: 09_基準仕様 | P152: 通常は編集しない | Q152: D列は直接編集せず参照元を編集
A153: ゲート駆動 | B153: 基準ターンオン時間 | C153: t_on_ref | D153: ='09_基準仕様'!E145 -> 5e-08 | E153: s | F153: t_on | G153: 基準Rg時のターンオン時間50 nsを簡略スイッチングモデルの基準値として採用。実デバイスのdouble-pulse試験値で置換する。 | H153: 技術係数 | I153: 対象 | N153: 基準仕様（シナリオ間固定） | O153: 09_基準仕様 | P153: 通常は編集しない | Q153: D列は直接編集せず参照元を編集
A154: ゲート駆動 | B154: 基準ターンオフ時間 | C154: t_off_ref | D154: ='09_基準仕様'!E146 -> 5e-08 | E154: s | F154: t_off | G154: 基準Rg時のターンオフ時間50 nsを簡略スイッチングモデルの基準値として採用。実デバイスのdouble-pulse試験値で置換する。 | H154: 技術係数 | I154: 対象 | N154: 基準仕様（シナリオ間固定） | O154: 09_基準仕様 | P154: 通常は編集しない | Q154: D列は直接編集せず参照元を編集
A155: ゲート駆動 | B155: 分離Rg有効 | C155: Enable_split_Rg | D155: ='09_基準仕様'!E147 -> 0 | E155: 0/1 | F155: P_sw,追加部品重量 | G155: 0=無効,1=有効 | H155: 技術選択 | I155: 対象 | N155: 基準仕様（シナリオ間固定） | O155: 09_基準仕様 | P155: 通常は編集しない | Q155: D列は直接編集せず参照元を編集
A156: ゲート駆動 | B156: 分離Rg時SW時間係数 | C156: k_split_sw | D156: ='09_基準仕様'!E148 -> 0.9 | E156: - | F156: t_sw_eff | G156: 分離ゲート抵抗採用時にSW時間が基準の90%になる（10%短縮）とするシナリオ仮定。一般値ではない。採用デバイス/ドライバのdouble-pulse試験またはSPICEでt_on/t_off比を校正する。 | H156: 技術係数 | I156: 対象 | N156: 基準仕様（シナリオ間固定） | O156: 09_基準仕様 | P156: 通常は編集しない | Q156: D列は直接編集せず参照元を編集
A157: ゲート駆動 | B157: 分離Rg追加重量 | C157: m_split_Rg | D157: ='09_基準仕様'!E149 -> 0.003 | E157: kg | F157: M_gate_option | G157: M_gate_optionの簡略式で用いる分離Rg追加重量の補正/正規化係数。普遍定数ではなく基準モデル再現用の経験値・設計仮定。実測/詳細解析/部品データで校正する。 | H157: 技術係数 | I157: 対象 | N157: 基準仕様（シナリオ間固定） | O157: 09_基準仕様 | P157: 通常は編集しない | Q157: D列は直接編集せず参照元を編集
A158: ゲート駆動 | B158: スルーレートEMI基準重量 | C158: m_slew_emi_ref | D158: ='09_基準仕様'!E150 -> 0.08 | E158: kg | F158: M_slew_emi | G158: M_slew_emiの簡略式で用いるスルーレートEMI基準重量の補正/正規化係数。普遍定数ではなく基準モデル再現用の経験値・設計仮定。実測/詳細解析/部品データで校正する。 | H158: 技術係数 | I158: 対象 | N158: 基準仕様（シナリオ間固定） | O158: 09_基準仕様 | P158: 通常は編集しない | Q158: D列は直接編集せず参照元を編集
A159: ゲート駆動 | B159: スルーレート重量指数 | C159: a_slew_emi | D159: ='09_基準仕様'!E151 -> 0.7 | E159: - | F159: M_slew_emi | G159: M_slew_emiの簡略式で用いるスルーレート重量指数の補正/正規化係数。普遍定数ではなく基準モデル再現用の経験値・設計仮定。実測/詳細解析/部品データで校正する。 | H159: 技術係数 | I159: 対象 | N159: 基準仕様（シナリオ間固定） | O159: 09_基準仕様 | P159: 通常は編集しない | Q159: D列は直接編集せず参照元を編集
A160: デッドタイム | B160: デッドタイム | C160: t_dead | D160: ='09_基準仕様'!E152 -> 3e-07 | E160: s | F160: P_dead | G160: デッドタイム300 nsを基準制御値として採用。デバイス遅延・ドライバ伝搬遅延・温度ばらつきから実機で調整する。 | H160: 設計変数 | I160: 対象 | J160: ='07_システム要求'!M17 -> 7.5e-08 | K160: スイッチング時間からの初期推奨。shoot-through/損失で調整 | L160: 推奨のみ | M160: 3e-07 | N160: 基準仕様（シナリオ間固定） | O160: 09_基準仕様 | P160: 通常は編集しない | Q160: D列は直接編集せず参照元を編集
A161: デッドタイム | B161: 第3象限等価電圧 | C161: V_dead_drop | D161: ='09_基準仕様'!E153 -> 2.5 | E161: V | F161: P_dead | G161: デッドタイム中の第3象限導通を2.5 Vの等価電圧降下で表す一次近似。一般値ではない。MOSFETの第3象限V-I特性、ボディダイオード/チャネル導通方式、温度から置換する。 | H161: 技術係数 | I161: 対象 | N161: 基準仕様（シナリオ間固定） | O161: 09_基準仕様 | P161: 通常は編集しない | Q161: D列は直接編集せず参照元を編集
A162: デッドタイム | B162: 適応デッドタイム有効 | C162: Enable_adaptive_DT | D162: ='09_基準仕様'!E154 -> 0 | E162: 0/1 | F162: P_dead,制御重量 | G162: 適応デッドタイム有効を切り替えるシナリオ変数。物理定数ではなく方式選択用の0/1入力。P_dead,制御重量への効果を比較する。 | H162: 技術選択 | I162: 対象 | N162: 基準仕様（シナリオ間固定） | O162: 09_基準仕様 | P162: 通常は編集しない | Q162: D列は直接編集せず参照元を編集
A163: デッドタイム | B163: 適応時デッドタイム残存率 | C163: k_adapt_dead | D163: ='09_基準仕様'!E155 -> 0.45 | E163: - | F163: t_dead_eff | G163: t_dead_effの簡略式で用いる適応時デッドタイム残存率の補正/正規化係数。普遍定数ではなく基準モデル再現用の経験値・設計仮定。実測/詳細解析/部品データで校正する。 | H163: 技術係数 | I163: 対象 | N163: 基準仕様（シナリオ間固定） | O163: 09_基準仕様 | P163: 通常は編集しない | Q163: D列は直接編集せず参照元を編集
A164: デッドタイム | B164: 適応DT追加制御重量 | C164: m_adapt_DT | D164: ='09_基準仕様'!E156 -> 0.015 | E164: kg | F164: M_gate_option | G164: M_gate_optionの簡略式で用いる適応DT追加制御重量の補正/正規化係数。普遍定数ではなく基準モデル再現用の経験値・設計仮定。実測/詳細解析/部品データで校正する。 | H164: 技術係数 | I164: 対象 | N164: 基準仕様（シナリオ間固定） | O164: 09_基準仕様 | P164: 通常は編集しない | Q164: D列は直接編集せず参照元を編集
A165: ゲート電圧 | B165: ターンオンゲート電圧 | C165: Vgs_on | D165: ='09_基準仕様'!E157 -> 18 | E165: V | F165: R_on,P_gate | G165: SiC MOSFET系の基準ゲートオン電圧として18 Vを採用。採用デバイス推奨値に合わせて変更する。 | H165: 設計変数 | I165: 対象 | N165: 基準仕様（シナリオ間固定） | O165: 09_基準仕様 | P165: 通常は編集しない | Q165: D列は直接編集せず参照元を編集
A166: ゲート電圧 | B166: ターンオフゲート電圧 | C166: Vgs_off | D166: ='09_基準仕様'!E158 -> -3 | E166: V | F166: P_gate,バイアス重量 | G166: SiC MOSFET系の誤点弧抑制用負バイアスとして−3 Vを採用。採用ドライバ/デバイス推奨値に合わせて変更する。 | H166: 設計変数 | I166: 対象 | N166: 基準仕様（シナリオ間固定） | O166: 09_基準仕様 | P166: 通常は編集しない | Q166: D列は直接編集せず参照元を編集
A167: ゲート電圧 | B167: R_on基準ゲート電圧 | C167: Vgs_ref | D167: ='09_基準仕様'!E159 -> 18 | E167: V | F167: k_vgs_ron | G167: Ronゲート電圧補正の正規化基準18 V。物理定数ではなく基準駆動条件。 | H167: 技術係数 | I167: 対象 | N167: 基準仕様（シナリオ間固定） | O167: 09_基準仕様 | P167: 通常は編集しない | Q167: D列は直接編集せず参照元を編集
A168: ゲート電圧 | B168: Vgs-Ron指数 | C168: a_vgs_ron | D168: ='09_基準仕様'!E160 -> 0.7 | E168: - | F168: k_vgs_ron | G168: k_vgs_ronの簡略式で用いるVgs-Ron指数の補正/正規化係数。普遍定数ではなく基準モデル再現用の経験値・設計仮定。実測/詳細解析/部品データで校正する。 | H168: 技術係数 | I168: 対象 | N168: 基準仕様（シナリオ間固定） | O168: 09_基準仕様 | P168: 通常は編集しない | Q168: D列は直接編集せず参照元を編集
A169: ゲート電圧 | B169: ゲート電荷 | C169: Q_g | D169: ='09_基準仕様'!E161 -> 1.2e-07 | E169: C | F169: P_gate | G169: ゲート駆動損失・ゲート電源重量の一次見積り用に120 nCを基準値として採用。一般値ではない。採用するSiC/GaNデバイスのデータシートQg（指定Vgs/Vds/Id条件）へ置換する。 | H169: 技術係数 | I169: 対象 | N169: 基準仕様（シナリオ間固定） | O169: 09_基準仕様 | P169: 通常は編集しない | Q169: D列は直接編集せず参照元を編集
...

Sheet 02_ツリー
A1: 02_ツリー：Level 12 技術分解 / 設計変数 / 等価重量 / 感度
A4: Node ID | B4: Parent ID | C4: Level（式） | D4: 項目名 | E4: 変数 | F4: 現在値 | G4: 単位 | H4: 重量 [kg] | I4: 式（左辺 = 右辺） | J4: 局所弾性 ε | K4: 正規化感度 S | L4: 感度方向 | M4: 変更可否 | N4: 備考 | O4: 最終変数判定 1=最下層 / 0=途中 | P4: Enable単純比例局所弾性 ε 直接追加/削除枝 | Q4: 変数初出判定 | R4: 変数連番
A5: T001 | C5: 0 | D5: インバータ総重量 | E5: M_inv | F5: =F6+F34+F96+F111+F129+F140+F174+F175+F176+F177+F561+F186+F355+F600 -> 12.438076 | G5: kg | H5: =ABS(K5)*$F$5 -> 12.438076 | I5: M_inv=M_semi+M_cool+M_dc_cap+M_bus+M_case+M_emi+M_ctrl+M_sensor+M_conn+M_other+M_DCDC+M_ss+M_snub+M_APD | J5: =1 -> 1 | K5: =1 -> 1 | L5: TOP KPI | M5: 設計対象 | N5: トップKPI。Root直下は相互に重量を重複計上しない物理サブシステム/独立追加回路のみ。 | O5: =IF($A5="","",--(COUNTIF($B$5:$B$679,$A5)=0)) -> 0 | Q5: =IF(E5="","",--(MATCH(E5,$E$5:$E$560,0)=ROW()-4)) -> 1 | R5: =IF(Q5=1,COUNTIF($Q$5:Q5,1),"") -> 1
A6: T002 | B6: T001 | C6: 1 | D6: パワー半導体・モジュール関連重量 | E6: M_semi | F6: =F7*F8+F178 -> 1.6469356 | G6: kg | H6: =ABS(K6)*$F$5 -> 1.6469356 | I6: M_semi=N_power_device_total×m_mod+M_parallel | J6: =F6/F5 -> 0.1324108 | K6: =K5*J6 -> 0.1324108 | L6: =IF(K6>0,"増加→総重量増",IF(K6<0,"増加→総重量減","中立")) -> 増加→総重量増 | M6: 設計対象 | N6: 主半導体総重量。N_power_device_totalには方式に応じた追加直列ダイオード数を含め、現簡易モデルでは同一m_modで等価質量化する。CSI直列ダイオード重量を別枝で再加算しない。詳細パッケージ分解時にSW/diode単体質量へ置換。 | O6: =IF($A6="","",--(COUNTIF($B$5:$B$679,$A6)=0)) -> 0 | Q6: =IF(E6="","",--(MATCH(E6,$E$5:$E$560,0)=ROW()-4)) -> 1 | R6: =IF(Q6=1,COUNTIF($Q$5:Q6,1),"") -> 2
A7: T003 | B7: T002 | C7: 2 | D7: パワーデバイス総数 | E7: N_power_device_total | F7: ='01_入力仕様'!D13 -> 6 | G7: 個 | H7: =ABS(K7)*$F$5 -> 1.0169356 | I7: 入力仕様 | J7: =('01_入力仕様'!D13*F8)/F6 -> 0.61747138 | K7: =K6*J7 -> 0.081759879 | L7: =IF(K7>0,"増加→総重量増",IF(K7<0,"増加→総重量減","中立")) -> 増加→総重量増 | M7: 設計対象 | N7: 2L=6、NPC=18(12SW+6diode)、ANPC=18SW、CSI=12(6SW+6逆阻止diode)。 | O7: =IF($A7="","",--(COUNTIF($B$5:$B$679,$A7)=0)) -> 1 | Q7: =IF(E7="","",--(MATCH(E7,$E$5:$E$560,0)=ROW()-4)) -> 1 | R7: =IF(Q7=1,COUNTIF($Q$5:Q7,1),"") -> 3
A8: T004 | B8: T002 | C8: 2 | D8: 1モジュール重量 | E8: m_mod | F8: =F9+F25+F29+F33 -> 0.16948927 | G8: kg | H8: =ABS(K8)*$F$5 -> 1.0169356 | I8: m_mod=m_chip_mod+m_dbc+m_base+m_pkg | J8: =('01_入力仕様'!D13*F8)/F6 -> 0.61747138 | K8: =K6*J8 -> 0.081759879 | L8: =IF(K8>0,"増加→総重量増",IF(K8<0,"増加→総重量減","中立")) -> 増加→総重量増 | M8: 設計対象 | O8: =IF($A8="","",--(COUNTIF($B$5:$B$679,$A8)=0)) -> 0 | Q8: =IF(E8="","",--(MATCH(E8,$E$5:$E$560,0)=ROW()-4)) -> 1 | R8: =IF(Q8=1,COUNTIF($Q$5:Q8,1),"") -> 4
A9: T005 | B9: T004 | C9: 3 | D9: チップ重量/モジュール | E9: m_chip_mod | F9: =F10*F21 -> 0.00013662849 | G9: kg | H9: =ABS(K9)*$F$5 -> 0.00081977092 | I9: m_chip_mod=N_chip_mod×m_chip | J9: =F9/F8 -> 0.0008061188 | K9: =K8*J9 -> 6.5908176e-05 | L9: =IF(K9>0,"増加→総重量増",IF(K9<0,"増加→総重量減","中立")) -> 増加→総重量増 | M9: 設計対象 | O9: =IF($A9="","",--(COUNTIF($B$5:$B$679,$A9)=0)) -> 0 | Q9: =IF(E9="","",--(MATCH(E9,$E$5:$E$560,0)=ROW()-4)) -> 1 | R9: =IF(Q9=1,COUNTIF($Q$5:Q9,1),"") -> 5
A10: T006 | B10: T005 | C10: 4 | D10: チップ数/モジュール | E10: N_chip_mod | F10: =F11*F12/F16 -> 2.3646328 | G10: 個 | H10: =ABS(K10)*$F$5 -> 0.00081977092 | I10: N_chip_mod=k_chip×I_phase/I_chip | J10: =1 -> 1 | K10: =K9*J10 -> 6.5908176e-05 | L10: =IF(K10>0,"増加→総重量増",IF(K10<0,"増加→総重量減","中立")) -> 増加→総重量増 | M10: 設計対象 | O10: =IF($A10="","",--(COUNTIF($B$5:$B$679,$A10)=0)) -> 0 | Q10: =IF(E10="","",--(MATCH(E10,$E$5:$E$560,0)=ROW()-4)) -> 1 | R10: =IF(Q10=1,COUNTIF($Q$5:Q10,1),"") -> 6
A11: T007 | B11: T006 | C11: 5 | D11: チップ数係数 | E11: k_chip | F11: ='01_入力仕様'!D32 -> 1.25 | G11: - | H11: =ABS(K11)*$F$5 -> 0.00081977092 | I11: 入力仕様 | J11: =1 -> 1 | K11: =K10*J11 -> 6.5908176e-05 | L11: =IF(K11>0,"増加→総重量増",IF(K11<0,"増加→総重量減","中立")) -> 増加→総重量増 | M11: 設計対象 | O11: =IF($A11="","",--(COUNTIF($B$5:$B$679,$A11)=0)) -> 1 | Q11: =IF(E11="","",--(MATCH(E11,$E$5:$E$560,0)=ROW()-4)) -> 1 | R11: =IF(Q11=1,COUNTIF($Q$5:Q11,1),"") -> 7
A12: T008 | B12: T006 | C12: 5 | D12: 相電流RMS | E12: I_phase | F12: ='01_入力仕様'!D5*1000/(SQRT(3)*F13*F14*F15) -> 156.63328 | G12: A | H12: =ABS(K12)*$F$5 -> 0.00081977092 | I12: I_phase=P_out_const/(√3×V_ll×PF×eta) | J12: =1 -> 1 | K12: =K10*J12 -> 6.5908176e-05 | L12: =IF(K12>0,"増加→総重量増",IF(K12<0,"増加→総重量減","中立")) -> 増加→総重量増 | M12: 設計対象 | N12: P_outは固定要求で子ノード化しない | O12: =IF($A12="","",--(COUNTIF($B$5:$B$679,$A12)=0)) -> 0 | Q12: =IF(E12="","",--(MATCH(E12,$E$5:$E$560,0)=ROW()-4)) -> 1 | R12: =IF(Q12=1,COUNTIF($Q$5:Q12,1),"") -> 8
A13: T009 | B13: T008 | C13: 6 | D13: 線間電圧RMS | E13: V_ll | F13: ='01_入力仕様'!D7 -> 400 | G13: V | H13: =ABS(K13)*$F$5 -> 0.00081977092 | I13: 入力仕様 | J13: =-1 -> -1 | K13: =K12*J13 -> -6.5908176e-05 | L13: =IF(K13>0,"増加→総重量増",IF(K13<0,"増加→総重量減","中立")) -> 増加→総重量減 | M13: 設計対象 | O13: =IF($A13="","",--(COUNTIF($B$5:$B$679,$A13)=0)) -> 1 | Q13: =IF(E13="","",--(MATCH(E13,$E$5:$E$560,0)=ROW()-4)) -> 1 | R13: =IF(Q13=1,COUNTIF($Q$5:Q13,1),"") -> 9
A14: T010 | B14: T008 | C14: 6 | D14: 力率 | E14: PF | F14: ='01_入力仕様'!D8 -> 0.95 | G14: - | H14: =ABS(K14)*$F$5 -> 0.00081977092 | I14: 入力仕様 | J14: =-1 -> -1 | K14: =K12*J14 -> -6.5908176e-05 | L14: =IF(K14>0,"増加→総重量増",IF(K14<0,"増加→総重量減","中立")) -> 増加→総重量減 | M14: 設計対象 | O14: =IF($A14="","",--(COUNTIF($B$5:$B$679,$A14)=0)) -> 1 | Q14: =IF(E14="","",--(MATCH(E14,$E$5:$E$560,0)=ROW()-4)) -> 1 | R14: =IF(Q14=1,COUNTIF($Q$5:Q14,1),"") -> 10
A15: T011 | B15: T008 | C15: 6 | D15: 効率 | E15: eta | F15: ='01_入力仕様'!D9 -> 0.97 | G15: - | H15: =ABS(K15)*$F$5 -> 0.00081977092 | I15: 入力仕様 | J15: =-1 -> -1 | K15: =K12*J15 -> -6.5908176e-05 | L15: =IF(K15>0,"増加→総重量増",IF(K15<0,"増加→総重量減","中立")) -> 増加→総重量減 | M15: 設計対象 | O15: =IF($A15="","",--(COUNTIF($B$5:$B$679,$A15)=0)) -> 1 | Q15: =IF(E15="","",--(MATCH(E15,$E$5:$E$560,0)=ROW()-4)) -> 1 | R15: =IF(Q15=1,COUNTIF($Q$5:Q15,1),"") -> 11
A16: T012 | B16: T006 | C16: 5 | D16: 1チップ電流能力 | E16: I_chip | F16: =F17*F18 -> 82.8 | G16: A | H16: =ABS(K16)*$F$5 -> 0.00081977092 | I16: I_chip=J_chip×A_active | J16: =-1 -> -1 | K16: =K10*J16 -> -6.5908176e-05 | L16: =IF(K16>0,"増加→総重量増",IF(K16<0,"増加→総重量減","中立")) -> 増加→総重量減 | M16: 設計対象 | O16: =IF($A16="","",--(COUNTIF($B$5:$B$679,$A16)=0)) -> 0 | Q16: =IF(E16="","",--(MATCH(E16,$E$5:$E$560,0)=ROW()-4)) -> 1 | R16: =IF(Q16=1,COUNTIF($Q$5:Q16,1),"") -> 12
A17: T013 | B17: T012 | C17: 6 | D17: 実効チップ許容電流密度 | E17: J_chip_eff | F17: ='01_入力仕様'!D33*F538 -> 1.15 | G17: A/mm² | H17: =ABS(K17)*$F$5 -> 0.00081977092 | I17: J_chip_eff=J_chip×k_pkg_J | J17: =1 -> 1 | K17: =K16*J17 -> -6.5908176e-05 | L17: =IF(K17>0,"増加→総重量増",IF(K17<0,"増加→総重量減","中立")) -> 増加→総重量減 | M17: 設計対象 | O17: =IF($A17="","",--(COUNTIF($B$5:$B$679,$A17)=0)) -> 0 | Q17: =IF(E17="","",--(MATCH(E17,$E$5:$E$560,0)=ROW()-4)) -> 1 | R17: =IF(Q17=1,COUNTIF($Q$5:Q17,1),"") -> 13
A18: T014 | B18: T012 | C18: 6 | D18: 有効チップ面積 | E18: A_active | F18: =F19*F20 -> 72 | G18: mm² | H18: =ABS(K18)*$F$5 -> 0.00081977092 | I18: A_active=k_active×A_chip | J18: =1 -> 1 | K18: =K16*J18 -> -6.5908176e-05 | L18: =IF(K18>0,"増加→総重量増",IF(K18<0,"増加→総重量減","中立")) -> 増加→総重量減 | M18: 設計対象 | O18: =IF($A18="","",--(COUNTIF($B$5:$B$679,$A18)=0)) -> 0 | Q18: =IF(E18="","",--(MATCH(E18,$E$5:$E$560,0)=ROW()-4)) -> 1 | R18: =IF(Q18=1,COUNTIF($Q$5:Q18,1),"") -> 14
A19: T015 | B19: T014 | C19: 7 | D19: 有効面積率 | E19: k_active | F19: ='01_入力仕様'!D34 -> 0.72 | G19: - | H19: =ABS(K19)*$F$5 -> 0.00081977092 | I19: 入力仕様 | J19: =1 -> 1 | K19: =K18*J19 -> -6.5908176e-05 | L19: =IF(K19>0,"増加→総重量増",IF(K19<0,"増加→総重量減","中立")) -> 増加→総重量減 | M19: 設計対象 | O19: =IF($A19="","",--(COUNTIF($B$5:$B$679,$A19)=0)) -> 1 | Q19: =IF(E19="","",--(MATCH(E19,$E$5:$E$560,0)=ROW()-4)) -> 1 | R19: =IF(Q19=1,COUNTIF($Q$5:Q19,1),"") -> 15
A20: T016 | B20: T014 | C20: 7 | D20: チップ面積 | E20: A_chip | F20: ='01_入力仕様'!D25 -> 100 | G20: mm² | H20: =ABS(K20)*$F$5 -> 0.00081977092 | I20: 入力仕様 | J20: =1 -> 1 | K20: =K18*J20 -> -6.5908176e-05 | L20: =IF(K20>0,"増加→総重量増",IF(K20<0,"増加→総重量減","中立")) -> 増加→総重量減 | M20: 設計対象 | N20: 面積増→電流能力増 | O20: =IF($A20="","",--(COUNTIF($B$5:$B$679,$A20)=0)) -> 1 | Q20: =IF(E20="","",--(MATCH(E20,$E$5:$E$560,0)=ROW()-4)) -> 1 | R20: =IF(Q20=1,COUNTIF($Q$5:Q20,1),"") -> 16
A21: T017 | B21: T005 | C21: 4 | D21: 1チップ重量 | E21: m_chip | F21: =F22*F23*F24*0.000000001 -> 5.778e-05 | G21: kg | H21: =ABS(K21)*$F$5 -> 0.00081977092 | I21: m_chip=A_chip×t_chip×rho_chip×1E-9 | J21: =1 -> 1 | K21: =K9*J21 -> 6.5908176e-05 | L21: =IF(K21>0,"増加→総重量増",IF(K21<0,"増加→総重量減","中立")) -> 増加→総重量増 | M21: 設計対象 | O21: =IF($A21="","",--(COUNTIF($B$5:$B$679,$A21)=0)) -> 0 | Q21: =IF(E21="","",--(MATCH(E21,$E$5:$E$560,0)=ROW()-4)) -> 1 | R21: =IF(Q21=1,COUNTIF($Q$5:Q21,1),"") -> 17
A22: T018 | B22: T017 | C22: 5 | D22: チップ面積 | E22: A_chip | F22: ='01_入力仕様'!D25 -> 100 | G22: mm² | H22: =ABS(K22)*$F$5 -> 0.00081977092 | I22: 入力仕様 | J22: =1 -> 1 | K22: =K21*J22 -> 6.5908176e-05 | L22: =IF(K22>0,"増加→総重量増",IF(K22<0,"増加→総重量減","中立")) -> 増加→総重量増 | M22: 設計対象 | N22: 面積増→重量増 | O22: =IF($A22="","",--(COUNTIF($B$5:$B$679,$A22)=0)) -> 1 | Q22: =IF(E22="","",--(MATCH(E22,$E$5:$E$560,0)=ROW()-4)) -> 0 | R22: =IF(Q22=1,COUNTIF($Q$5:Q22,1),"")
A23: T019 | B23: T017 | C23: 5 | D23: チップ厚さ | E23: t_chip | F23: ='01_入力仕様'!D26 -> 0.18 | G23: mm | H23: =ABS(K23)*$F$5 -> 0.00081977092 | I23: 入力仕様 | J23: =1 -> 1 | K23: =K21*J23 -> 6.5908176e-05 | L23: =IF(K23>0,"増加→総重量増",IF(K23<0,"増加→総重量減","中立")) -> 増加→総重量増 | M23: 設計対象 | O23: =IF($A23="","",--(COUNTIF($B$5:$B$679,$A23)=0)) -> 1 | Q23: =IF(E23="","",--(MATCH(E23,$E$5:$E$560,0)=ROW()-4)) -> 1 | R23: =IF(Q23=1,COUNTIF($Q$5:Q23,1),"") -> 18
A24: T020 | B24: T017 | C24: 5 | D24: 密度 | E24: rho_chip | F24: ='01_入力仕様'!D27 -> 3210 | G24: kg/m³ | H24: =ABS(K24)*$F$5 -> 0.00081977092 | I24: 入力仕様 | J24: =1 -> 1 | K24: =K21*J24 -> 6.5908176e-05 | L24: =IF(K24>0,"増加→総重量増",IF(K24<0,"増加→総重量減","中立")) -> 増加→総重量増 | M24: 設計対象 | O24: =IF($A24="","",--(COUNTIF($B$5:$B$679,$A24)=0)) -> 1 | Q24: =IF(E24="","",--(MATCH(E24,$E$5:$E$560,0)=ROW()-4)) -> 1 | R24: =IF(Q24=1,COUNTIF($Q$5:Q24,1),"") -> 19
A25: T021 | B25: T004 | C25: 3 | D25: DBC重量 | E25: m_dbc | F25: =F26*F27*F28*0.000000001 -> 0.02696064 | G25: kg | H25: =ABS(K25)*$F$5 -> 0.16176384 | I25: m_dbc=A_dbc×t_dbc×rho_dbc×1E-9 | J25: =F25/F8 -> 0.15906989 | K25: =K8*J25 -> 0.013005535 | L25: =IF(K25>0,"増加→総重量増",IF(K25<0,"増加→総重量減","中立")) -> 増加→総重量増 | M25: 設計対象 | O25: =IF($A25="","",--(COUNTIF($B$5:$B$679,$A25)=0)) -> 0 | Q25: =IF(E25="","",--(MATCH(E25,$E$5:$E$560,0)=ROW()-4)) -> 1 | R25: =IF(Q25=1,COUNTIF($Q$5:Q25,1),"") -> 20
A26: T022 | B26: T021 | C26: 4 | D26: DBC面積 | E26: A_dbc | F26: =F218*F219*1000000 -> 4200 | G26: mm² | H26: =ABS(K26)*$F$5 -> 0.16176384 | I26: A_dbc=L_dbc×W_dbc×1E6 | J26: =1 -> 1 | K26: =K25*J26 -> 0.013005535 | L26: =IF(K26>0,"増加→総重量増",IF(K26<0,"増加→総重量減","中立")) -> 増加→総重量増 | M26: 設計対象 | O26: =IF($A26="","",--(COUNTIF($B$5:$B$679,$A26)=0)) -> 0 | Q26: =IF(E26="","",--(MATCH(E26,$E$5:$E$560,0)=ROW()-4)) -> 1 | R26: =IF(Q26=1,COUNTIF($Q$5:Q26,1),"") -> 21
A27: T023 | B27: T021 | C27: 4 | D27: DBC厚さ | E27: t_dbc | F27: =F220+F221+F222 -> 0.92 | G27: mm | H27: =ABS(K27)*$F$5 -> 0.16176384 | I27: t_dbc=t_cu_top+t_cer+t_cu_bot | J27: =1 -> 1 | K27: =K25*J27 -> 0.013005535 | L27: =IF(K27>0,"増加→総重量増",IF(K27<0,"増加→総重量減","中立")) -> 増加→総重量増 | M27: 設計対象 | O27: =IF($A27="","",--(COUNTIF($B$5:$B$679,$A27)=0)) -> 0 | Q27: =IF(E27="","",--(MATCH(E27,$E$5:$E$560,0)=ROW()-4)) -> 1 | R27: =IF(Q27=1,COUNTIF($Q$5:Q27,1),"") -> 22
A28: T024 | B28: T021 | C28: 4 | D28: DBC密度 | E28: rho_dbc | F28: =(F223*(F254+F256)+F224*F255)/F225 -> 6977.3913 | G28: kg/m³ | H28: =ABS(K28)*$F$5 -> 0.16176384 | I28: rho_dbc={rho_cu(t_top+t_bot)+rho_cer t_cer}/t_dbc | J28: =1 -> 1 | K28: =K25*J28 -> 0.013005535 | L28: =IF(K28>0,"増加→総重量増",IF(K28<0,"増加→総重量減","中立")) -> 増加→総重量増 | M28: 設計対象 | O28: =IF($A28="","",--(COUNTIF($B$5:$B$679,$A28)=0)) -> 0 | Q28: =IF(E28="","",--(MATCH(E28,$E$5:$E$560,0)=ROW()-4)) -> 1 | R28: =IF(Q28=1,COUNTIF($Q$5:Q28,1),"") -> 23
A29: T025 | B29: T004 | C29: 3 | D29: ベース重量 | E29: m_base | F29: =F30*F31*F32*0.000000001 -> 0.067392 | G29: kg | H29: =ABS(K29)*$F$5 -> 0.404352 | I29: m_base=A_base×t_base×rho_base×1E-9 | J29: =F29/F8 -> 0.39761809 | K29: =K8*J29 -> 0.032509207 | L29: =IF(K29>0,"増加→総重量増",IF(K29<0,"増加→総重量減","中立")) -> 増加→総重量増 | M29: 設計対象 | O29: =IF($A29="","",--(COUNTIF($B$5:$B$679,$A29)=0)) -> 0 | Q29: =IF(E29="","",--(MATCH(E29,$E$5:$E$560,0)=ROW()-4)) -> 1 | R29: =IF(Q29=1,COUNTIF($Q$5:Q29,1),"") -> 24
A30: T026 | B30: T025 | C30: 4 | D30: ベース面積 | E30: A_base | F30: =F229*F230*1000000 -> 5200 | G30: mm² | H30: =ABS(K30)*$F$5 -> 0.404352 | I30: A_base=L_base×W_base×1E6 | J30: =1 -> 1 | K30: =K29*J30 -> 0.032509207 | L30: =IF(K30>0,"増加→総重量増",IF(K30<0,"増加→総重量減","中立")) -> 増加→総重量増 | M30: 設計対象 | O30: =IF($A30="","",--(COUNTIF($B$5:$B$679,$A30)=0)) -> 0 | Q30: =IF(E30="","",--(MATCH(E30,$E$5:$E$560,0)=ROW()-4)) -> 1 | R30: =IF(Q30=1,COUNTIF($Q$5:Q30,1),"") -> 25
A31: T027 | B31: T025 | C31: 4 | D31: ベース厚さ | E31: t_base | F31: =MAX(F269,F231) -> 4.8 | G31: mm | H31: =ABS(K31)*$F$5 -> 0.404352 | I31: t_base=MAX(t_base_input,t_base_req) | J31: =1 -> 1 | K31: =K29*J31 -> 0.032509207 | L31: =IF(K31>0,"増加→総重量増",IF(K31<0,"増加→総重量減","中立")) -> 増加→総重量増 | M31: 設計対象 | O31: =IF($A31="","",--(COUNTIF($B$5:$B$679,$A31)=0)) -> 0 | Q31: =IF(E31="","",--(MATCH(E31,$E$5:$E$560,0)=ROW()-4)) -> 1 | R31: =IF(Q31=1,COUNTIF($Q$5:Q31,1),"") -> 26
A32: T028 | B32: T025 | C32: 4 | D32: ベース密度 | E32: rho_base | F32: ='01_入力仕様'!D40 -> 2700 | G32: kg/m³ | H32: =ABS(K32)*$F$5 -> 0.404352 | I32: 入力仕様 | J32: =1 -> 1 | K32: =K29*J32 -> 0.032509207 | L32: =IF(K32>0,"増加→総重量増",IF(K32<0,"増加→総重量減","中立")) -> 増加→総重量増 | M32: 設計対象 | O32: =IF($A32="","",--(COUNTIF($B$5:$B$679,$A32)=0)) -> 1 | Q32: =IF(E32="","",--(MATCH(E32,$E$5:$E$560,0)=ROW()-4)) -> 1 | R32: =IF(Q32=1,COUNTIF($Q$5:Q32,1),"") -> 27
A33: T029 | B33: T004 | C33: 3 | D33: 封止・端子重量 | E33: m_pkg | F33: ='01_入力仕様'!D41 -> 0.075 | G33: kg | H33: =ABS(K33)*$F$5 -> 0.45 | I33: 入力仕様 | J33: =F33/F8 -> 0.44250589 | K33: =K8*J33 -> 0.036179228 | L33: =IF(K33>0,"増加→総重量増",IF(K33<0,"増加→総重量減","中立")) -> 増加→総重量増 | M33: 設計対象 | O33: =IF($A33="","",--(COUNTIF($B$5:$B$679,$A33)=0)) -> 1 | Q33: =IF(E33="","",--(MATCH(E33,$E$5:$E$560,0)=ROW()-4)) -> 1 | R33: =IF(Q33=1,COUNTIF($Q$5:Q33,1),"") -> 28
A34: T030 | B34: T001 | C34: 1 | D34: 冷却系重量 | E34: M_cool | F34: =F35+F443+F457+F95+F540 -> 0.56688782 | G34: kg | H34: =ABS(K34)*$F$5 -> 0.56688782 | I34: M_cool=m_hx+m_cool_fix | J34: =F34/F5 -> 0.045576809 | K34: =K5*J34 -> 0.045576809 | L34: =IF(K34>0,"増加→総重量増",IF(K34<0,"増加→総重量減","中立")) -> 増加→総重量増 | M34: 設計対象 | O34: =IF($A34="","",--(COUNTIF($B$5:$B$679,$A34)=0)) -> 0 | Q34: =IF(E34="","",--(MATCH(E34,$E$5:$E$560,0)=ROW()-4)) -> 1 | R34: =IF(Q34=1,COUNTIF($Q$5:Q34,1),"") -> 29
A35: T031 | B35: T030 | C35: 2 | D35: 熱交換器重量 | E35: m_hx | F35: =F36/F82*F452*F459*F514*F536 -> 0.016887823 | G35: kg | H35: =ABS(K35)*$F$5 -> 0.016887823 | I35: m_hx=Q_req/q_cool×TIM×Tj×potting×package_cooling | J35: =F35/F34 -> 0.029790414 | K35: =K34*J35 -> 0.001357752 | L35: =IF(K35>0,"増加→総重量増",IF(K35<0,"増加→総重量減","中立")) -> 増加→総重量増 | M35: 設計対象 | O35: =IF($A35="","",--(COUNTIF($B$5:$B$679,$A35)=0)) -> 0 | Q35: =IF(E35="","",--(MATCH(E35,$E$5:$E$560,0)=ROW()-4)) -> 1 | R35: =IF(Q35=1,COUNTIF($Q$5:Q35,1),"") -> 30
A36: T032 | B36: T031 | C36: 3 | D36: 必要冷却能力 | E36: Q_req | F36: =F37*(F38+F444+F471+F479+F488+F504+F516+F534+F569+F595+F675) -> 777.77731 | G36: W | H36: =ABS(K36)*$F$5 -> 0.016887823 | I36: Q_req=K_th×(P_loss_semiconductor+P_bus+P_cap+P_filter+P_ctrl+P_DCDC+P_L_dc+P_damping) | J36: =1 -> 1 | K36: =K35*J36 -> 0.001357752 | L36: =IF(K36>0,"増加→総重量増",IF(K36<0,"増加→総重量減","中立")) -> 増加→総重量増 | M36: 設計対象 | N36: インバータ内部で除熱すべき損失のみを集計。HTS冷凍機の電気入力P_cryo_HTSは外部電源からのシステム電力ペナルティであり、インバータ内部発熱として二重加算しない。 | O36: =IF($A36="","",--(COUNTIF($B$5:$B$679,$A36)=0)) -> 0 | Q36: =IF(E36="","",--(MATCH(E36,$E$5:$E$560,0)=ROW()-4)) -> 1 | R36: =IF(Q36=1,COUNTIF($Q$5:Q36,1),"") -> 31
A37: T033 | B37: T032 | C37: 4 | D37: 熱設計マージン | E37: K_th | F37: ='01_入力仕様'!D51 -> 1.2 | G37: - | H37: =ABS(K37)*$F$5 -> 0.016887823 | I37: 入力仕様 | J37: =1 -> 1 | K37: =K36*J37 -> 0.001357752 | L37: =IF(K37>0,"増加→総重量増",IF(K37<0,"増加→総重量減","中立")) -> 増加→総重量増 | M37: 設計対象 | O37: =IF($A37="","",--(COUNTIF($B$5:$B$679,$A37)=0)) -> 1 | Q37: =IF(E37="","",--(MATCH(E37,$E$5:$E$560,0)=ROW()-4)) -> 1 | R37: =IF(Q37=1,COUNTIF($Q$5:Q37,1),"") -> 32
A38: T034 | B38: T032 | C38: 4 | D38: 半導体総損失 | E38: P_loss | F38: =F39+F68+F319+F332+F350+'01_入力仕様'!D334*'01_入力仕様'!D335*F660 -> 39.820745 | G38: W | H38: =ABS(K38)*$F$5 -> 0.00103755 | I38: P_loss=P_cond+P_sw+P_dead+P_gate+P_snub+BD-GaN substrate management loss | J38: =IFERROR(F38/(F38+F444+F471+F479+F488+F504+F516+F534+F569+F595+F675),0) -> 0.061437757 | K38: =K36*J38 -> 8.3417238e-05 | L38: =IF(K38>0,"増加→総重量増",IF(K38<0,"増加→総重量減","中立")) -> 増加→総重量増 | M38: 設計対象 | O38: =IF($A38="","",--(COUNTIF($B$5:$B$679,$A38)=0)) -> 0 | Q38: =IF(E38="","",--(MATCH(E38,$E$5:$E$560,0)=ROW()-4)) -> 1 | R38: =IF(Q38=1,COUNTIF($Q$5:Q38,1),"") -> 33
A39: T035 | B39: T034 | C39: 5 | D39: 導通損失 | E39: P_cond | F39: =IF(F649=1,F644*F646^2*F650,F644*F646^2*F44+F645*F646*F647) -> 10.599889 | G39: W | H39: =ABS(K39)*$F$5 -> 0.00027618556 | I39: P_cond=IF(BD-GaN CSI, N_sw_cond_eq×I_cond²×R_BD_GaN_eff, N_sw_cond_eq×I_cond²×R_on_eq+N_diode_cond_eq×I_cond×Vf) | J39: =IF(F38=0,0,F39/F38) -> 0.26619013 | K39: =K38*J39 -> 2.2204846e-05 | L39: =IF(K39>0,"増加→総重量増",IF(K39<0,"増加→総重量減","中立")) -> 増加→総重量増 | M39: 設計対象 | N39: 簡略一般モデル。2L:3SW、NPC:6SW+1.5diode、ANPC同期整流:6SW+0diode、CSI:2SW+2逆阻止diode。 | O39: =IF($A39="","",--(COUNTIF($B$5:$B$679,$A39)=0)) -> 0 | Q39: =IF(E39="","",--(MATCH(E39,$E$5:$E$560,0)=ROW()-4)) -> 1 | R39: =IF(Q39=1,COUNTIF($Q$5:Q39,1),"") -> 34
O40: =IF($A40="","",--(COUNTIF($B$5:$B$679,$A40)=0))
O41: =IF($A41="","",--(COUNTIF($B$5:$B$679,$A41)=0))
O42: =IF($A42="","",--(COUNTIF($B$5:$B$679,$A42)=0))
O43: =IF($A43="","",--(COUNTIF($B$5:$B$679,$A43)=0))
A44: T040 | B44: T035 | C44: 6 | D44: 等価オン抵抗 | E44: R_on_eq | F44: =F45/(F67*F182)*F328*F461 -> 0.00014401641 | G44: Ω | H44: =ABS(K44)*$F$5 -> 0.00027618556 | I44: R_on_eq=Rsp_total/(A_chip×N_parallel)×k_vgs_ron×k_Ron_T | J44: =1 -> 1 | K44: =K39*J44 -> 2.2204846e-05 | L44: =IF(K44>0,"増加→総重量増",IF(K44<0,"増加→総重量減","中立")) -> 増加→総重量増 | M44: 設計対象 | O44: =IF($A44="","",--(COUNTIF($B$5:$B$679,$A44)=0)) -> 0 | Q44: =IF(E44="","",--(MATCH(E44,$E$5:$E$560,0)=ROW()-4)) -> 1 | R44: =IF(Q44=1,COUNTIF($Q$5:Q44,1),"") -> 35
A45: T041 | B45: T040 | C45: 7 | D45: 総比オン抵抗 | E45: Rsp_total | F45: =F46+F66 -> 0.039728666 | G45: Ω·mm² | H45: =ABS(K45)*$F$5 -> 0.00027618556 | I45: Rsp_total=Rsp_drift+Rsp_cell | J45: =1 -> 1 | K45: =K44*J45 -> 2.2204846e-05 | L45: =IF(K45>0,"増加→総重量増",IF(K45<0,"増加→総重量減","中立")) -> 増加→総重量増 | M45: 設計対象 | O45: =IF($A45="","",--(COUNTIF($B$5:$B$679,$A45)=0)) -> 0 | Q45: =IF(E45="","",--(MATCH(E45,$E$5:$E$560,0)=ROW()-4)) -> 1 | R45: =IF(Q45=1,COUNTIF($Q$5:Q45,1),"") -> 36
A46: T042 | B46: T041 | C46: 8 | D46: ドリフト層比オン抵抗 | E46: Rsp_drift | F46: =F47*F48*F58*1000000 -> 0.038228666 | G46: Ω·mm² | H46: =ABS(K46)*$F$5 -> 0.00026575787 | I46: Rsp_drift=K_rsp×rho_drift×t_drift×1E6 | J46: =F46/F45 -> 0.96224389 | K46: =K45*J46 -> 2.1366477e-05 | L46: =IF(K46>0,"増加→総重量増",IF(K46<0,"増加→総重量減","中立")) -> 増加→総重量増 | M46: 設計対象 | O46: =IF($A46="","",--(COUNTIF($B$5:$B$679,$A46)=0)) -> 0 | Q46: =IF(E46="","",--(MATCH(E46,$E$5:$E$560,0)=ROW()-4)) -> 1 | R46: =IF(Q46=1,COUNTIF($Q$5:Q46,1),"") -> 37
A47: T043 | B47: T042 | C47: 9 | D47: 比オン抵抗補正 | E47: K_rsp | F47: ='01_入力仕様'!D23 -> 1 | G47: - | H47: =ABS(K47)*$F$5 -> 0.00026575787 | I47: 入力仕様 | J47: =1 -> 1 | K47: =K46*J47 -> 2.1366477e-05 | L47: =IF(K47>0,"増加→総重量増",IF(K47<0,"増加→総重量減","中立")) -> 増加→総重量増 | M47: 設計対象 | O47: =IF($A47="","",--(COUNTIF($B$5:$B$679,$A47)=0)) -> 1 | Q47: =IF(E47="","",--(MATCH(E47,$E$5:$E$560,0)=ROW()-4)) -> 1 | R47: =IF(Q47=1,COUNTIF($Q$5:Q47,1),"") -> 38
A48: T044 | B48: T042 | C48: 9 | D48: ドリフト層抵抗率 | E48: rho_drift | F48: =1/(F49*F50*F51) -> 0.0067643445 | G48: Ωm | H48: =ABS(K48)*$F$5 -> 0.00026575787 | I48: rho_drift=1/(q_e×mu_n×N_drift) | J48: =1 -> 1 | K48: =K46*J48 -> 2.1366477e-05 | L48: =IF(K48>0,"増加→総重量増",IF(K48<0,"増加→総重量減","中立")) -> 増加→総重量増 | M48: 設計対象 | O48: =IF($A48="","",--(COUNTIF($B$5:$B$679,$A48)=0)) -> 0 | Q48: =IF(E48="","",--(MATCH(E48,$E$5:$E$560,0)=ROW()-4)) -> 1 | R48: =IF(Q48=1,COUNTIF($Q$5:Q48,1),"") -> 39
A49: T045 | B49: T044 | C49: 10 | D49: 素電荷 | E49: q_e | F49: ='01_入力仕様'!D22 -> 1.602e-19 | G49: C | H49: =ABS(K49)*$F$5 -> 0 | I49: 固定定数 | J49: =0 -> 0 | K49: =0 -> 0 | L49: 感度対象外 | M49: 固定/対象外 | N49: 感度対象外 | O49: =IF($A49="","",--(COUNTIF($B$5:$B$679,$A49)=0)) -> 1 | Q49: =IF(E49="","",--(MATCH(E49,$E$5:$E$560,0)=ROW()-4)) -> 1 | R49: =IF(Q49=1,COUNTIF($Q$5:Q49,1),"") -> 40
A50: T046 | B50: T044 | C50: 10 | D50: 移動度 | E50: mu_n | F50: ='01_入力仕様'!D21 -> 0.08 | G50: m²/(V·s) | H50: =ABS(K50)*$F$5 -> 0.00026575787 | I50: 入力仕様 | J50: =-1 -> -1 | K50: =K48*J50 -> -2.1366477e-05 | L50: =IF(K50>0,"増加→総重量増",IF(K50<0,"増加→総重量減","中立")) -> 増加→総重量減 | M50: 設計対象 | O50: =IF($A50="","",--(COUNTIF($B$5:$B$679,$A50)=0)) -> 1 | Q50: =IF(E50="","",--(MATCH(E50,$E$5:$E$560,0)=ROW()-4)) -> 1 | R50: =IF(Q50=1,COUNTIF($Q$5:Q50,1),"") -> 41
A51: T047 | B51: T044 | C51: 10 | D51: ドーピング濃度 | E51: N_drift | F51: =F52*(F55/F53)^(-F54) -> 1.1535111e+22 | G51: 1/m³ | H51: =ABS(K51)*$F$5 -> 0.00026575787 | I51: N_drift=N_d_ref×(V_block_req/V_ref_nd)^(-a_nd) | J51: =-1 -> -1 | K51: =K48*J51 -> -2.1366477e-05 | L51: =IF(K51>0,"増加→総重量増",IF(K51<0,"増加→総重量減","中立")) -> 増加→総重量減 | M51: 設計対象 | O51: =IF($A51="","",--(COUNTIF($B$5:$B$679,$A51)=0)) -> 0 | Q51: =IF(E51="","",--(MATCH(E51,$E$5:$E$560,0)=ROW()-4)) -> 1 | R51: =IF(Q51=1,COUNTIF($Q$5:Q51,1),"") -> 42
A52: T048 | B52: T047 | C52: 11 | D52: 基準ドーピング | E52: N_d_ref | F52: ='01_入力仕様'!D18 -> 8e+21 | G52: 1/m³ | H52: =ABS(K52)*$F$5 -> 0.00026575787 | I52: 入力仕様 | J52: =1 -> 1 | K52: =K51*J52 -> -2.1366477e-05 | L52: =IF(K52>0,"増加→総重量増",IF(K52<0,"増加→総重量減","中立")) -> 増加→総重量減 | M52: 設計対象 | O52: =IF($A52="","",--(COUNTIF($B$5:$B$679,$A52)=0)) -> 1 | Q52: =IF(E52="","",--(MATCH(E52,$E$5:$E$560,0)=ROW()-4)) -> 1 | R52: =IF(Q52=1,COUNTIF($Q$5:Q52,1),"") -> 43
A53: T049 | B53: T047 | C53: 11 | D53: 耐圧基準 | E53: V_ref_nd | F53: ='01_入力仕様'!D19 -> 1200 | G53: V | H53: =ABS(K53)*$F$5 -> 0.00031890944 | I53: 入力仕様 | J53: ='01_入力仕様'!D20 -> 1.2 | K53: =K51*J53 -> -2.5639772e-05 | L53: =IF(K53>0,"増加→総重量増",IF(K53<0,"増加→総重量減","中立")) -> 増加→総重量減 | M53: 設計対象 | O53: =IF($A53="","",--(COUNTIF($B$5:$B$679,$A53)=0)) -> 1 | Q53: =IF(E53="","",--(MATCH(E53,$E$5:$E$560,0)=ROW()-4)) -> 1 | R53: =IF(Q53=1,COUNTIF($Q$5:Q53,1),"") -> 44
A54: T050 | B54: T047 | C54: 11 | D54: 耐圧指数 | E54: a_nd | F54: ='01_入力仕様'!D20 -> 1.2 | G54: - | H54: =ABS(K54)*$F$5 -> 9.7255151e-05 | I54: 入力仕様 | J54: =-'01_入力仕様'!D20*LN(F55/'01_入力仕様'!D19) -> 0.36595398 | K54: =K51*J54 -> -7.8191473e-06 | L54: =IF(K54>0,"増加→総重量増",IF(K54<0,"増加→総重量減","中立")) -> 増加→総重量減 | M54: 設計対象 | O54: =IF($A54="","",--(COUNTIF($B$5:$B$679,$A54)=0)) -> 1 | Q54: =IF(E54="","",--(MATCH(E54,$E$5:$E$560,0)=ROW()-4)) -> 1 | R54: =IF(Q54=1,COUNTIF($Q$5:Q54,1),"") -> 45
A55: T051 | B55: T047 | C55: 11 | D55: 必要耐圧 | E55: V_block_req | F55: =IF(AND('01_入力仕様'!D296=0,OR('07_システム要求'!D25="3L-NPC",'07_システム要求'!D25="3L-ANPC")),0.5*F57+F347,F56*F57+F347) -> 884.58197 | G55: V | H55: =ABS(K55)*$F$5 -> 0.00031890944 | I55: V_block_req=IF(3L-NPC/ANPC,Vdc/2+V_overshoot_eff,K_vblk×Vdc+V_overshoot_eff) | J55: =-'01_入力仕様'!D20 -> -1.2 | K55: =K51*J55 -> 2.5639772e-05 | L55: =IF(K55>0,"増加→総重量増",IF(K55<0,"増加→総重量減","中立")) -> 増加→総重量増 | M55: 設計対象 | N55: 3L-NPC/ANPCは1素子当たりVdc/2。他方式はVdc+surge。標準耐圧クラス切上げは07_システム要求の推奨値へ分離。 | O55: =IF($A55="","",--(COUNTIF($B$5:$B$679,$A55)=0)) -> 0 | Q55: =IF(E55="","",--(MATCH(E55,$E$5:$E$560,0)=ROW()-4)) -> 1 | R55: =IF(Q55=1,COUNTIF($Q$5:Q55,1),"") -> 46
A56: T052 | B56: T051 | C56: 12 | D56: 耐圧係数 | E56: K_vblk | F56: ='01_入力仕様'!D14 -> 1 | G56: - | H56: =ABS(K56)*F5 -> 0.00028841596 | I56: 入力仕様 | J56: =IF(AND('01_入力仕様'!D296=0,OR('07_システム要求'!D25="3L-NPC",'07_システム要求'!D25="3L-ANPC")),0,'01_入力仕様'!D14*'01_入力仕様'!D6/F55) -> 0.90438199 | K56: =K55*J56 -> 2.3188148e-05 | L56: =IF(K56>0,"増加→総重量増",IF(K56<0,"増加→総重量減","中立")) -> 増加→総重量増 | M56: 設計対象 | O56: =IF($A56="","",--(COUNTIF($B$5:$B$679,$A56)=0)) -> 1 | Q56: =IF(E56="","",--(MATCH(E56,$E$5:$E$560,0)=ROW()-4)) -> 1 | R56: =IF(Q56=1,COUNTIF($Q$5:Q56,1),"") -> 47
A57: T053 | B57: T051 | C57: 12 | D57: DCバス電圧 | E57: V_dc | F57: ='01_入力仕様'!D6 -> 800 | G57: V | H57: =ABS(K57)*F5 -> 0.00028841596 | I57: 入力仕様 | J57: =IF(AND('01_入力仕様'!D296=0,OR('07_システム要求'!D25="3L-NPC",'07_システム要求'!D25="3L-ANPC")),0.5*'01_入力仕様'!D6/F55,'01_入力仕様'!D14*'01_入力仕様'!D6/F55) -> 0.90438199 | K57: =K55*J57 -> 2.3188148e-05 | L57: =IF(K57>0,"増加→総重量増",IF(K57<0,"増加→総重量減","中立")) -> 増加→総重量増 | M57: 設計対象 | N57: 耐圧増→Ron増 | O57: =IF($A57="","",--(COUNTIF($B$5:$B$679,$A57)=0)) -> 1 | Q57: =IF(E57="","",--(MATCH(E57,$E$5:$E$560,0)=ROW()-4)) -> 1 | R57: =IF(Q57=1,COUNTIF($Q$5:Q57,1),"") -> 48
A58: T054 | B58: T042 | C58: 9 | D58: ドリフト層厚 | E58: t_drift | F58: =F59*F60/F63 -> 5.6514959e-06 | G58: m | H58: =ABS(K58)*$F$5 -> 0.00026575787 | I58: t_drift=K_tdrift×V_block_req/E_allow | J58: =1 -> 1 | K58: =K46*J58 -> 2.1366477e-05 | L58: =IF(K58>0,"増加→総重量増",IF(K58<0,"増加→総重量減","中立")) -> 増加→総重量増 | M58: 設計対象 | O58: =IF($A58="","",--(COUNTIF($B$5:$B$679,$A58)=0)) -> 0 | Q58: =IF(E58="","",--(MATCH(E58,$E$5:$E$560,0)=ROW()-4)) -> 1 | R58: =IF(Q58=1,COUNTIF($Q$5:Q58,1),"") -> 49
A59: T055 | B59: T054 | C59: 10 | D59: 厚さ余裕係数 | E59: K_tdrift | F59: ='01_入力仕様'!D17 -> 1.15 | G59: - | H59: =ABS(K59)*$F$5 -> 0.00026575787 | I59: 入力仕様 | J59: =1 -> 1 | K59: =K58*J59 -> 2.1366477e-05 | L59: =IF(K59>0,"増加→総重量増",IF(K59<0,"増加→総重量減","中立")) -> 増加→総重量増 | M59: 設計対象 | O59: =IF($A59="","",--(COUNTIF($B$5:$B$679,$A59)=0)) -> 1 | Q59: =IF(E59="","",--(MATCH(E59,$E$5:$E$560,0)=ROW()-4)) -> 1 | R59: =IF(Q59=1,COUNTIF($Q$5:Q59,1),"") -> 50
A60: T056 | B60: T054 | C60: 10 | D60: 必要耐圧 | E60: V_block_req | F60: =IF(AND('01_入力仕様'!D296=0,OR('07_システム要求'!D25="3L-NPC",'07_システム要求'!D25="3L-ANPC")),0.5*F62+F348,F61*F62+F348) -> 884.58197 | G60: V | H60: =ABS(K60)*$F$5 -> 0.00026575787 | I60: V_block_req=IF(3L-NPC/ANPC,Vdc/2+V_overshoot_eff,K_vblk×Vdc+V_overshoot_eff) | J60: =1 -> 1 | K60: =K58*J60 -> 2.1366477e-05 | L60: =IF(K60>0,"増加→総重量増",IF(K60<0,"増加→総重量減","中立")) -> 増加→総重量増 | M60: 設計対象 | N60: 3L-NPC/ANPCは1素子当たりVdc/2。他方式はVdc+surge。 | O60: =IF($A60="","",--(COUNTIF($B$5:$B$679,$A60)=0)) -> 0 | Q60: =IF(E60="","",--(MATCH(E60,$E$5:$E$560,0)=ROW()-4)) -> 0 | R60: =IF(Q60=1,COUNTIF($Q$5:Q60,1),"")
A61: T057 | B61: T056 | C61: 11 | D61: 耐圧係数 | E61: K_vblk | F61: ='01_入力仕様'!D14 -> 1 | G61: - | H61: =ABS(K61)*F5 -> 0.00024034663 | I61: 入力仕様 | J61: =IF(AND('01_入力仕様'!D296=0,OR('07_システム要求'!D25="3L-NPC",'07_システム要求'!D25="3L-ANPC")),0,'01_入力仕様'!D14*'01_入力仕様'!D6/F60) -> 0.90438199 | K61: =K60*J61 -> 1.9323457e-05 | L61: =IF(K61>0,"増加→総重量増",IF(K61<0,"増加→総重量減","中立")) -> 増加→総重量増 | M61: 設計対象 | O61: =IF($A61="","",--(COUNTIF($B$5:$B$679,$A61)=0)) -> 1 | Q61: =IF(E61="","",--(MATCH(E61,$E$5:$E$560,0)=ROW()-4)) -> 0 | R61: =IF(Q61=1,COUNTIF($Q$5:Q61,1),"")
A62: T058 | B62: T056 | C62: 11 | D62: DCバス電圧 | E62: V_dc | F62: ='01_入力仕様'!D6 -> 800 | G62: V | H62: =ABS(K62)*F5 -> 0.00024034663 | I62: 入力仕様 | J62: =IF(AND('01_入力仕様'!D296=0,OR('07_システム要求'!D25="3L-NPC",'07_システム要求'!D25="3L-ANPC")),0.5*'01_入力仕様'!D6/F60,'01_入力仕様'!D14*'01_入力仕様'!D6/F60) -> 0.90438199 | K62: =K60*J62 -> 1.9323457e-05 | L62: =IF(K62>0,"増加→総重量増",IF(K62<0,"増加→総重量減","中立")) -> 増加→総重量増 | M62: 設計対象 | N62: 耐圧増→厚さ増 | O62: =IF($A62="","",--(COUNTIF($B$5:$B$679,$A62)=0)) -> 1 | Q62: =IF(E62="","",--(MATCH(E62,$E$5:$E$560,0)=ROW()-4)) -> 0 | R62: =IF(Q62=1,COUNTIF($Q$5:Q62,1),"")
A63: T059 | B63: T054 | C63: 10 | D63: 許容電界 | E63: E_allow | F63: =F64*F65 -> 180000000 | G63: V/m | H63: =ABS(K63)*$F$5 -> 0.00026575787 | I63: E_allow=k_Euse×E_crit | J63: =-1 -> -1 | K63: =K58*J63 -> -2.1366477e-05 | L63: =IF(K63>0,"増加→総重量増",IF(K63<0,"増加→総重量減","中立")) -> 増加→総重量減 | M63: 設計対象 | O63: =IF($A63="","",--(COUNTIF($B$5:$B$679,$A63)=0)) -> 0 | Q63: =IF(E63="","",--(MATCH(E63,$E$5:$E$560,0)=ROW()-4)) -> 1 | R63: =IF(Q63=1,COUNTIF($Q$5:Q63,1),"") -> 51
A64: T060 | B64: T059 | C64: 11 | D64: 電界利用率 | E64: k_Euse | F64: ='01_入力仕様'!D15 -> 0.72 | G64: - | H64: =ABS(K64)*$F$5 -> 0.00026575787 | I64: 入力仕様 | J64: =1 -> 1 | K64: =K63*J64 -> -2.1366477e-05 | L64: =IF(K64>0,"増加→総重量増",IF(K64<0,"増加→総重量減","中立")) -> 増加→総重量減 | M64: 設計対象 | O64: =IF($A64="","",--(COUNTIF($B$5:$B$679,$A64)=0)) -> 1 | Q64: =IF(E64="","",--(MATCH(E64,$E$5:$E$560,0)=ROW()-4)) -> 1 | R64: =IF(Q64=1,COUNTIF($Q$5:Q64,1),"") -> 52
A65: T061 | B65: T059 | C65: 11 | D65: 臨界電界 | E65: E_crit | F65: ='01_入力仕様'!D16 -> 250000000 | G65: V/m | H65: =ABS(K65)*$F$5 -> 0.00026575787 | I65: 入力仕様 | J65: =1 -> 1 | K65: =K63*J65 -> -2.1366477e-05 | L65: =IF(K65>0,"増加→総重量増",IF(K65<0,"増加→総重量減","中立")) -> 増加→総重量減 | M65: 設計対象 | O65: =IF($A65="","",--(COUNTIF($B$5:$B$679,$A65)=0)) -> 1 | Q65: =IF(E65="","",--(MATCH(E65,$E$5:$E$560,0)=ROW()-4)) -> 1 | R65: =IF(Q65=1,COUNTIF($Q$5:Q65,1),"") -> 53
A66: T062 | B66: T041 | C66: 8 | D66: セル等抵抗面積積 | E66: Rsp_cell | F66: ='01_入力仕様'!D24 -> 0.0015 | G66: Ω·mm² | H66: =ABS(K66)*$F$5 -> 1.0427693e-05 | I66: 入力仕様 | J66: ='01_入力仕様'!D24/F45 -> 0.037756113 | K66: =K45*J66 -> 8.3836867e-07 | L66: =IF(K66>0,"増加→総重量増",IF(K66<0,"増加→総重量減","中立")) -> 増加→総重量増 | M66: 設計対象 | O66: =IF($A66="","",--(COUNTIF($B$5:$B$679,$A66)=0)) -> 1 | Q66: =IF(E66="","",--(MATCH(E66,$E$5:$E$560,0)=ROW()-4)) -> 1 | R66: =IF(Q66=1,COUNTIF($Q$5:Q66,1),"") -> 54
A67: T063 | B67: T040 | C67: 7 | D67: チップ面積 | E67: A_chip | F67: ='01_入力仕様'!D25 -> 100 | G67: mm² | H67: =ABS(K67)*$F$5 -> 0.00027618556 | I67: 入力仕様 | J67: =-1 -> -1 | K67: =K44*J67 -> -2.2204846e-05 | L67: =IF(K67>0,"増加→総重量増",IF(K67<0,"増加→総重量減","中立")) -> 増加→総重量減 | M67: 設計対象 | N67: 面積増→Ron低下 | O67: =IF($A67="","",--(COUNTIF($B$5:$B$679,$A67)=0)) -> 1 | Q67: =IF(E67="","",--(MATCH(E67,$E$5:$E$560,0)=ROW()-4)) -> 0 | R67: =IF(Q67=1,COUNTIF($Q$5:Q67,1),"")
A68: T064 | B68: T034 | C68: 5 | D68: スイッチング損失 | E68: P_sw | F68: =F69*IF('01_入力仕様'!D334=1,F653,F70)*F81*F183*F300*F358*F557 -> 17.701339 | G68: W | H68: =ABS(K68)*$F$5 -> 0.00046121749 | I68: P_sw=N_switching×E_sw_eff×f_sw×k_ss_eff×k_gate_sw×k_pwm_sw×k_miller_sw。BD-GaN時はN_BD_GaNとE_sw_BD_GaNを使用 | J68: =IF(F38=0,0,F68/F38) -> 0.44452557 | K68: =K38*J68 -> 3.7081095e-05 | L68: =IF(K68>0,"増加→総重量増",IF(K68<0,"増加→総重量減","中立")) -> 増加→総重量増 | M68: 設計対象 | O68: =IF($A68="","",--(COUNTIF($B$5:$B$679,$A68)=0)) -> 0 | Q68: =IF(E68="","",--(MATCH(E68,$E$5:$E$560,0)=ROW()-4)) -> 1 | R68: =IF(Q68=1,COUNTIF($Q$5:Q68,1),"") -> 55
A69: T065 | B69: T064 | C69: 6 | D69: 制御スイッチ数（SW損失用） | E69: N_gate | F69: =IF('01_入力仕様'!D334=1,'01_入力仕様'!D349,'01_入力仕様'!D131) -> 6 | G69: - | H69: =ABS(K69)*F5 -> 0.00046121749 | I69: N_switching=N_gate | J69: 1 | K69: =K68*J69 -> 3.7081095e-05 | L69: 増加→総重量増 | M69: 設計対象 | N69: トポロジー自動算出 | O69: =IF($A69="","",--(COUNTIF($B$5:$B$679,$A69)=0)) -> 1 | Q69: =IF(E69="","",--(MATCH(E69,$E$5:$E$560,0)=ROW()-4)) -> 1 | R69: =IF(Q69=1,COUNTIF($Q$5:Q69,1),"") -> 56
A70: T066 | B70: T064 | C70: 6 | D70: 1回SWエネルギー | E70: E_sw | F70: =F71*0.5*F72*F80^2 -> 0.00018438895 | G70: J | H70: =ABS(K70)*$F$5 -> 0.00046121749 | I70: E_sw=K_esw×0.5×C_oss×V_dc² | J70: =1 -> 1 | K70: =K68*J70 -> 3.7081095e-05 | L70: =IF(K70>0,"増加→総重量増",IF(K70<0,"増加→総重量減","中立")) -> 増加→総重量増 | M70: 設計対象 | O70: =IF($A70="","",--(COUNTIF($B$5:$B$679,$A70)=0)) -> 0 | Q70: =IF(E70="","",--(MATCH(E70,$E$5:$E$560,0)=ROW()-4)) -> 1 | R70: =IF(Q70=1,COUNTIF($Q$5:Q70,1),"") -> 57
A71: T067 | B71: T066 | C71: 7 | D71: SWエネルギー係数 | E71: K_esw | F71: ='01_入力仕様'!D31 -> 1 | G71: - | H71: =ABS(K71)*$F$5 -> 0.00046121749 | I71: 入力仕様 | J71: =1 -> 1 | K71: =K70*J71 -> 3.7081095e-05 | L71: =IF(K71>0,"増加→総重量増",IF(K71<0,"増加→総重量減","中立")) -> 増加→総重量増 | M71: 設計対象 | O71: =IF($A71="","",--(COUNTIF($B$5:$B$679,$A71)=0)) -> 1 | Q71: =IF(E71="","",--(MATCH(E71,$E$5:$E$560,0)=ROW()-4)) -> 1 | R71: =IF(Q71=1,COUNTIF($Q$5:Q71,1),"") -> 58
A72: T068 | B72: T066 | C72: 7 | D72: 出力容量 | E72: C_oss | F72: =F73*F74*(F77/F76)^(-F75)*0.000000001 -> 5.7621547e-10 | G72: F | H72: =ABS(K72)*$F$5 -> 0.00046121749 | I72: C_oss=Coss_area_ref×A_chip×(V_block_req/V_ref_coss)^(-b_coss)×1E-9 | J72: =1 -> 1 | K72: =K70*J72 -> 3.7081095e-05 | L72: =IF(K72>0,"増加→総重量増",IF(K72<0,"増加→総重量減","中立")) -> 増加→総重量増 | M72: 設計対象 | O72: =IF($A72="","",--(COUNTIF($B$5:$B$679,$A72)=0)) -> 0 | Q72: =IF(E72="","",--(MATCH(E72,$E$5:$E$560,0)=ROW()-4)) -> 1 | R72: =IF(Q72=1,COUNTIF($Q$5:Q72,1),"") -> 59
A73: T069 | B73: T068 | C73: 8 | D73: 容量面積係数 | E73: Coss_area_ref | F73: ='01_入力仕様'!D28 -> 0.0051788079 | G73: nF/mm² | H73: =ABS(K73)*$F$5 -> 0.00046121749 | I73: 入力仕様 | J73: =1 -> 1 | K73: =K72*J73 -> 3.7081095e-05 | L73: =IF(K73>0,"増加→総重量増",IF(K73<0,"増加→総重量減","中立")) -> 増加→総重量増 | M73: 設計対象 | O73: =IF($A73="","",--(COUNTIF($B$5:$B$679,$A73)=0)) -> 1 | Q73: =IF(E73="","",--(MATCH(E73,$E$5:$E$560,0)=ROW()-4)) -> 1 | R73: =IF(Q73=1,COUNTIF($Q$5:Q73,1),"") -> 60
A74: T070 | B74: T068 | C74: 8 | D74: チップ面積 | E74: A_chip | F74: ='01_入力仕様'!D25 -> 100 | G74: mm² | H74: =ABS(K74)*$F$5 -> 0.00046121749 | I74: 入力仕様 | J74: =1 -> 1 | K74: =K72*J74 -> 3.7081095e-05 | L74: =IF(K74>0,"増加→総重量増",IF(K74<0,"増加→総重量減","中立")) -> 増加→総重量増 | M74: 設計対象 | N74: 面積増→Coss増 | O74: =IF($A74="","",--(COUNTIF($B$5:$B$679,$A74)=0)) -> 1 | Q74: =IF(E74="","",--(MATCH(E74,$E$5:$E$560,0)=ROW()-4)) -> 0 | R74: =IF(Q74=1,COUNTIF($Q$5:Q74,1),"")
A75: T071 | B75: T068 | C75: 8 | D75: 耐圧指数 | E75: b_coss | F75: ='01_入力仕様'!D29 -> 0.35 | G75: - | H75: =ABS(K75)*$F$5 -> 4.9228777e-05 | I75: 入力仕様 | J75: =-'01_入力仕様'!D29*LN(F77/'01_入力仕様'!D30) -> 0.10673658 | K75: =K72*J75 -> 3.9579092e-06 | L75: =IF(K75>0,"増加→総重量増",IF(K75<0,"増加→総重量減","中立")) -> 増加→総重量増 | M75: 設計対象 | O75: =IF($A75="","",--(COUNTIF($B$5:$B$679,$A75)=0)) -> 1 | Q75: =IF(E75="","",--(MATCH(E75,$E$5:$E$560,0)=ROW()-4)) -> 1 | R75: =IF(Q75=1,COUNTIF($Q$5:Q75,1),"") -> 61
A76: T072 | B76: T068 | C76: 8 | D76: 容量耐圧基準 | E76: V_ref_coss | F76: ='01_入力仕様'!D30 -> 1200 | G76: V | H76: =ABS(K76)*$F$5 -> 0.00016142612 | I76: 入力仕様 | J76: ='01_入力仕様'!D29 -> 0.35 | K76: =K72*J76 -> 1.2978383e-05 | L76: =IF(K76>0,"増加→総重量増",IF(K76<0,"増加→総重量減","中立")) -> 増加→総重量増 | M76: 設計対象 | O76: =IF($A76="","",--(COUNTIF($B$5:$B$679,$A76)=0)) -> 1 | Q76: =IF(E76="","",--(MATCH(E76,$E$5:$E$560,0)=ROW()-4)) -> 1 | R76: =IF(Q76=1,COUNTIF($Q$5:Q76,1),"") -> 62
A77: T073 | B77: T068 | C77: 8 | D77: 必要耐圧 | E77: V_block_req | F77: =IF(AND('01_入力仕様'!D296=0,OR('07_システム要求'!D25="3L-NPC",'07_システム要求'!D25="3L-ANPC")),0.5*F79+F349,F78*F79+F349) -> 884.58197 | G77: V | H77: =ABS(K77)*$F$5 -> 0.00016142612 | I77: V_block_req=IF(3L-NPC/ANPC,Vdc/2+V_overshoot_eff,K_vblk×Vdc+V_overshoot_eff) | J77: =-'01_入力仕様'!D29 -> -0.35 | K77: =K72*J77 -> -1.2978383e-05 | L77: =IF(K77>0,"増加→総重量増",IF(K77<0,"増加→総重量減","中立")) -> 増加→総重量減 | M77: 設計対象 | N77: 3L-NPC/ANPCは1素子当たりVdc/2。他方式はVdc+surge。 | O77: =IF($A77="","",--(COUNTIF($B$5:$B$679,$A77)=0)) -> 0 | Q77: =IF(E77="","",--(MATCH(E77,$E$5:$E$560,0)=ROW()-4)) -> 0 | R77: =IF(Q77=1,COUNTIF($Q$5:Q77,1),"")
A78: T074 | B78: T073 | C78: 9 | D78: 耐圧係数 | E78: K_vblk | F78: ='01_入力仕様'!D14 -> 1 | G78: - | H78: =ABS(K78)*F5 -> 0.00014599088 | I78: 入力仕様 | J78: =IF(AND('01_入力仕様'!D296=0,OR('07_システム要求'!D25="3L-NPC",'07_システム要求'!D25="3L-ANPC")),0,'01_入力仕様'!D14*'01_入力仕様'!D6/F77) -> 0.90438199 | K78: =K77*J78 -> -1.1737416e-05 | L78: =IF(K78>0,"増加→総重量増",IF(K78<0,"増加→総重量減","中立")) -> 増加→総重量減 | M78: 設計対象 | O78: =IF($A78="","",--(COUNTIF($B$5:$B$679,$A78)=0)) -> 1 | Q78: =IF(E78="","",--(MATCH(E78,$E$5:$E$560,0)=ROW()-4)) -> 0 | R78: =IF(Q78=1,COUNTIF($Q$5:Q78,1),"")
A79: T075 | B79: T073 | C79: 9 | D79: DCバス電圧 | E79: V_dc | F79: ='01_入力仕様'!D6 -> 800 | G79: V | H79: =ABS(K79)*F5 -> 0.00014599088 | I79: 入力仕様 | J79: =IF(AND('01_入力仕様'!D296=0,OR('07_システム要求'!D25="3L-NPC",'07_システム要求'!D25="3L-ANPC")),0.5*'01_入力仕様'!D6/F77,'01_入力仕様'!D14*'01_入力仕様'!D6/F77) -> 0.90438199 | K79: =K77*J79 -> -1.1737416e-05 | L79: =IF(K79>0,"増加→総重量増",IF(K79<0,"増加→総重量減","中立")) -> 増加→総重量減 | M79: 設計対象 | N79: 耐圧↑でCoss低下 | O79: =IF($A79="","",--(COUNTIF($B$5:$B$679,$A79)=0)) -> 1 | Q79: =IF(E79="","",--(MATCH(E79,$E$5:$E$560,0)=ROW()-4)) -> 0 | R79: =IF(Q79=1,COUNTIF($Q$5:Q79,1),"")
A80: T076 | B80: T066 | C80: 7 | D80: DCバス電圧 | E80: V_dc | F80: ='01_入力仕様'!D6 -> 800 | G80: V | H80: =ABS(K80)*$F$5 -> 0.00092243499 | I80: 入力仕様 | J80: =2 -> 2 | K80: =K70*J80 -> 7.4162191e-05 | L80: =IF(K80>0,"増加→総重量増",IF(K80<0,"増加→総重量減","中立")) -> 増加→総重量増 | M80: 設計対象 | N80: V²でSW損失増 | O80: =IF($A80="","",--(COUNTIF($B$5:$B$679,$A80)=0)) -> 1 | Q80: =IF(E80="","",--(MATCH(E80,$E$5:$E$560,0)=ROW()-4)) -> 0 | R80: =IF(Q80=1,COUNTIF($Q$5:Q80,1),"")
A81: T077 | B81: T064 | C81: 6 | D81: スイッチング周波数 | E81: f_sw | F81: =F550 -> 16000 | G81: Hz | H81: =ABS(K81)*$F$5 -> 0.00046121749 | I81: 入力仕様 | J81: =1 -> 1 | K81: =K68*J81 -> 3.7081095e-05 | L81: =IF(K81>0,"増加→総重量増",IF(K81<0,"増加→総重量減","中立")) -> 増加→総重量増 | M81: 設計対象 | N81: SW損失増 | O81: =IF($A81="","",--(COUNTIF($B$5:$B$679,$A81)=0)) -> 0 | Q81: =IF(E81="","",--(MATCH(E81,$E$5:$E$560,0)=ROW()-4)) -> 1 | R81: =IF(Q81=1,COUNTIF($Q$5:Q81,1),"") -> 63
A82: T078 | B82: T031 | C82: 3 | D82: 比冷却能力 | E82: q_cool | F82: =F83*F91/F92 -> 32509.772 | G82: W/kg | H82: =ABS(K82)*$F$5 -> 0.016887823 | I82: q_cool=h_eff×dT_cool/sigma_hx | J82: =-1 -> -1 | K82: =K35*J82 -> -0.001357752 | L82: =IF(K82>0,"増加→総重量増",IF(K82<0,"増加→総重量減","中立")) -> 増加→総重量減 | M82: 設計対象 | O82: =IF($A82="","",--(COUNTIF($B$5:$B$679,$A82)=0)) -> 0 | Q82: =IF(E82="","",--(MATCH(E82,$E$5:$E$560,0)=ROW()-4)) -> 1 | R82: =IF(Q82=1,COUNTIF($Q$5:Q82,1),"") -> 64
A83: T079 | B83: T078 | C83: 4 | D83: 実効熱伝達率 | E83: h_eff | F83: =F84*F85*F86*F87*F88*F450 -> 8289.9918 | G83: W/(m²K) | H83: =ABS(K83)*$F$5 -> 0.016887823 | I83: h_eff=h_nom×k_geom×k_surface×k_fin×k_flow | J83: =1 -> 1 | K83: =K82*J83 -> -0.001357752 | L83: =IF(K83>0,"増加→総重量増",IF(K83<0,"増加→総重量減","中立")) -> 増加→総重量減 | M83: 設計対象 | O83: =IF($A83="","",--(COUNTIF($B$5:$B$679,$A83)=0)) -> 0 | Q83: =IF(E83="","",--(MATCH(E83,$E$5:$E$560,0)=ROW()-4)) -> 1 | R83: =IF(Q83=1,COUNTIF($Q$5:Q83,1),"") -> 65
A84: T080 | B84: T079 | C84: 5 | D84: 基準熱伝達率 | E84: h_nom | F84: ='01_入力仕様'!D42 -> 10000 | G84: W/(m²K) | H84: =ABS(K84)*$F$5 -> 0.016887823 | I84: 入力仕様 | J84: =1 -> 1 | K84: =K83*J84 -> -0.001357752 | L84: =IF(K84>0,"増加→総重量増",IF(K84<0,"増加→総重量減","中立")) -> 増加→総重量減 | M84: 設計対象 | O84: =IF($A84="","",--(COUNTIF($B$5:$B$679,$A84)=0)) -> 1 | Q84: =IF(E84="","",--(MATCH(E84,$E$5:$E$560,0)=ROW()-4)) -> 1 | R84: =IF(Q84=1,COUNTIF($Q$5:Q84,1),"") -> 66
A85: T081 | B85: T079 | C85: 5 | D85: 流路形状係数 | E85: k_geom | F85: ='01_入力仕様'!D43 -> 0.95 | G85: - | H85: =ABS(K85)*$F$5 -> 0.016887823 | I85: 入力仕様 | J85: =1 -> 1 | K85: =K83*J85 -> -0.001357752 | L85: =IF(K85>0,"増加→総重量増",IF(K85<0,"増加→総重量減","中立")) -> 増加→総重量減 | M85: 設計対象 | O85: =IF($A85="","",--(COUNTIF($B$5:$B$679,$A85)=0)) -> 1 | Q85: =IF(E85="","",--(MATCH(E85,$E$5:$E$560,0)=ROW()-4)) -> 1 | R85: =IF(Q85=1,COUNTIF($Q$5:Q85,1),"") -> 67
A86: T082 | B86: T079 | C86: 5 | D86: 表面状態係数 | E86: k_surface | F86: ='01_入力仕様'!D44 -> 0.95 | G86: - | H86: =ABS(K86)*$F$5 -> 0.016887823 | I86: 入力仕様 | J86: =1 -> 1 | K86: =K83*J86 -> -0.001357752 | L86: =IF(K86>0,"増加→総重量増",IF(K86<0,"増加→総重量減","中立")) -> 増加→総重量減 | M86: 設計対象 | O86: =IF($A86="","",--(COUNTIF($B$5:$B$679,$A86)=0)) -> 1 | Q86: =IF(E86="","",--(MATCH(E86,$E$5:$E$560,0)=ROW()-4)) -> 1 | R86: =IF(Q86=1,COUNTIF($Q$5:Q86,1),"") -> 68
A87: T083 | B87: T079 | C87: 5 | D87: フィン効率 | E87: k_fin | F87: ='01_入力仕様'!D45 -> 0.75 | G87: - | H87: =ABS(K87)*$F$5 -> 0.016887823 | I87: 入力仕様 | J87: =1 -> 1 | K87: =K83*J87 -> -0.001357752 | L87: =IF(K87>0,"増加→総重量増",IF(K87<0,"増加→総重量減","中立")) -> 増加→総重量減 | M87: 設計対象 | O87: =IF($A87="","",--(COUNTIF($B$5:$B$679,$A87)=0)) -> 1 | Q87: =IF(E87="","",--(MATCH(E87,$E$5:$E$560,0)=ROW()-4)) -> 1 | R87: =IF(Q87=1,COUNTIF($Q$5:Q87,1),"") -> 69
A88: T084 | B88: T079 | C88: 5 | D88: 流速係数 | E88: k_flow | F88: =(F89/F90)^0.5 -> 1.2247449 | G88: - | H88: =ABS(K88)*$F$5 -> 0.016887823 | I88: k_flow=(v_cool/v_ref)^0.5 | J88: =1 -> 1 | K88: =K83*J88 -> -0.001357752 | L88: =IF(K88>0,"増加→総重量増",IF(K88<0,"増加→総重量減","中立")) -> 増加→総重量減 | M88: 設計対象 | O88: =IF($A88="","",--(COUNTIF($B$5:$B$679,$A88)=0)) -> 0 | Q88: =IF(E88="","",--(MATCH(E88,$E$5:$E$560,0)=ROW()-4)) -> 1 | R88: =IF(Q88=1,COUNTIF($Q$5:Q88,1),"") -> 70
A89: T085 | B89: T084 | C89: 6 | D89: 冷媒流速 | E89: v_cool | F89: ='01_入力仕様'!D46 -> 1.5 | G89: m/s | H89: =ABS(K89)*$F$5 -> 0.0084439115 | I89: 入力仕様 | J89: =0.5 -> 0.5 | K89: =K88*J89 -> -0.00067887601 | L89: =IF(K89>0,"増加→総重量増",IF(K89<0,"増加→総重量減","中立")) -> 増加→総重量減 | M89: 設計対象 | O89: =IF($A89="","",--(COUNTIF($B$5:$B$679,$A89)=0)) -> 1 | Q89: =IF(E89="","",--(MATCH(E89,$E$5:$E$560,0)=ROW()-4)) -> 1 | R89: =IF(Q89=1,COUNTIF($Q$5:Q89,1),"") -> 71
A90: T086 | B90: T084 | C90: 6 | D90: 基準流速 | E90: v_ref | F90: ='01_入力仕様'!D47 -> 1 | G90: m/s | H90: =ABS(K90)*$F$5 -> 0.0084439115 | I90: 入力仕様 | J90: =-0.5 -> -0.5 | K90: =K88*J90 -> 0.00067887601 | L90: =IF(K90>0,"増加→総重量増",IF(K90<0,"増加→総重量減","中立")) -> 増加→総重量増 | M90: 設計対象 | O90: =IF($A90="","",--(COUNTIF($B$5:$B$679,$A90)=0)) -> 1 | Q90: =IF(E90="","",--(MATCH(E90,$E$5:$E$560,0)=ROW()-4)) -> 1 | R90: =IF(Q90=1,COUNTIF($Q$5:Q90,1),"") -> 72
A91: T087 | B91: T078 | C91: 4 | D91: 冷媒温度上昇 | E91: dT_cool | F91: ='01_入力仕様'!D48 -> 20 | G91: K | H91: =ABS(K91)*$F$5 -> 0.016887823 | I91: 入力仕様 | J91: =1 -> 1 | K91: =K82*J91 -> -0.001357752 | L91: =IF(K91>0,"増加→総重量増",IF(K91<0,"増加→総重量減","中立")) -> 増加→総重量減 | M91: 設計対象 | O91: =IF($A91="","",--(COUNTIF($B$5:$B$679,$A91)=0)) -> 1 | Q91: =IF(E91="","",--(MATCH(E91,$E$5:$E$560,0)=ROW()-4)) -> 1 | R91: =IF(Q91=1,COUNTIF($Q$5:Q91,1),"") -> 73
A92: T088 | B92: T078 | C92: 4 | D92: 熱交換器面密度 | E92: sigma_hx | F92: =F93*F94 -> 5.1 | G92: kg/m² | H92: =ABS(K92)*$F$5 -> 0.016887823 | I92: sigma_hx=rho_hx×t_hx_eq | J92: =-1 -> -1 | K92: =K82*J92 -> 0.001357752 | L92: =IF(K92>0,"増加→総重量増",IF(K92<0,"増加→総重量減","中立")) -> 増加→総重量増 | M92: 設計対象 | O92: =IF($A92="","",--(COUNTIF($B$5:$B$679,$A92)=0)) -> 0 | Q92: =IF(E92="","",--(MATCH(E92,$E$5:$E$560,0)=ROW()-4)) -> 1 | R92: =IF(Q92=1,COUNTIF($Q$5:Q92,1),"") -> 74
A93: T089 | B93: T088 | C93: 5 | D93: 熱交換器密度 | E93: rho_hx | F93: ='01_入力仕様'!D50 -> 850 | G93: kg/m³ | H93: =ABS(K93)*$F$5 -> 0.016887823 | I93: 入力仕様 | J93: =1 -> 1 | K93: =K92*J93 -> 0.001357752 | L93: =IF(K93>0,"増加→総重量増",IF(K93<0,"増加→総重量減","中立")) -> 増加→総重量増 | M93: 設計対象 | O93: =IF($A93="","",--(COUNTIF($B$5:$B$679,$A93)=0)) -> 1 | Q93: =IF(E93="","",--(MATCH(E93,$E$5:$E$560,0)=ROW()-4)) -> 1 | R93: =IF(Q93=1,COUNTIF($Q$5:Q93,1),"") -> 75
A94: T090 | B94: T088 | C94: 5 | D94: 熱交換器厚さ | E94: t_hx_eq | F94: ='01_入力仕様'!D49 -> 0.006 | G94: m | H94: =ABS(K94)*$F$5 -> 0.016887823 | I94: 入力仕様 | J94: =1 -> 1 | K94: =K92*J94 -> 0.001357752 | L94: =IF(K94>0,"増加→総重量増",IF(K94<0,"増加→総重量減","中立")) -> 増加→総重量増 | M94: 設計対象 | O94: =IF($A94="","",--(COUNTIF($B$5:$B$679,$A94)=0)) -> 1 | Q94: =IF(E94="","",--(MATCH(E94,$E$5:$E$560,0)=ROW()-4)) -> 1 | R94: =IF(Q94=1,COUNTIF($Q$5:Q94,1),"") -> 76
A95: T091 | B95: T030 | C95: 2 | D95: 冷却補機固定重量 | E95: m_cool_fix | F95: ='01_入力仕様'!D52 -> 0.35 | G95: kg | H95: =ABS(K95)*$F$5 -> 0.35 | I95: 入力仕様 | J95: =F95/F34 -> 0.6174061 | K95: =K34*J95 -> 0.0281394 | L95: =IF(K95>0,"増加→総重量増",IF(K95<0,"増加→総重量減","中立")) -> 増加→総重量増 | M95: 設計対象 | O95: =IF($A95="","",--(COUNTIF($B$5:$B$679,$A95)=0)) -> 1 | Q95: =IF(E95="","",--(MATCH(E95,$E$5:$E$560,0)=ROW()-4)) -> 1 | R95: =IF(Q95=1,COUNTIF($Q$5:Q95,1),"") -> 77
A96: T092 | B96: T001 | C96: 1 | D96: DCリンクコンデンサ系重量 | E96: M_cap | F96: =F97+F375+F110+F440 -> 4.1642393 | G96: kg | H96: =ABS(K96)*$F$5 -> 4.1642393 | I96: M_cap=m_cap_active+M_cap_margin+mC_fix+M_hfcap | J96: =F96/F5 -> 0.33479769 | K96: =K5*J96 -> 0.33479769 | L96: =IF(K96>0,"増加→総重量増",IF(K96<0,"増加→総重量減","中立")) -> 増加→総重量増 | M96: 設計対象 | N96: 主DCリンクC、寿命/リップル余裕、固定分、HFローカルデカップリングを計上。APD追加回路はRoot別枝。 | O96: =IF($A96="","",--(COUNTIF($B$5:$B$679,$A96)=0)) -> 0 | Q96: =IF(E96="","",--(MATCH(E96,$E$5:$E$560,0)=ROW()-4)) -> 1 | R96: =IF(Q96=1,COUNTIF($Q$5:Q96,1),"") -> 78
A97: T093 | B97: T092 | C97: 2 | D97: 容量依存重量 | E97: m_cap_active | F97: =F98*F102 -> 4.0642393 | G97: kg | H97: =ABS(K97)*$F$5 -> 4.0642393 | I97: m_cap_active=C_req×mC_spec | J97: =IF(F96=0,0,F97/F96) -> 0.97598601 | K97: =K96*J97 -> 0.32675787 | L97: =IF(K97>0,"増加→総重量増",IF(K97<0,"増加→総重量減","中立")) -> 増加→総重量増 | M97: 設計対象 | O97: =IF($A97="","",--(COUNTIF($B$5:$B$679,$A97)=0)) -> 0 | Q97: =IF(E97="","",--(MATCH(E97,$E$5:$E$560,0)=ROW()-4)) -> 1 | R97: =IF(Q97=1,COUNTIF($Q$5:Q97,1),"") -> 79
A98: T094 | B98: T093 | C98: 3 | D98: 必要容量 | E98: C_req | F98: =(2*('01_入力仕様'!D5*1000/'01_入力仕様'!D9)*F99/(F100^2*(1-(1-F101)^2)))*1000 -> 1.6521279 | G98: mF | H98: =ABS(K98)*$F$5 -> 4.0642393 | I98: C_req=2×P_dc_const×t_buf/{V_dc²[1-(1-r_vdc)²]}×1000 | J98: =1 -> 1 | K98: =K97*J98 -> 0.32675787 | L98: =IF(K98>0,"増加→総重量増",IF(K98<0,"増加→総重量減","中立")) -> 増加→総重量増 | M98: 設計対象 | N98: P_out固定要求 | O98: =IF($A98="","",--(COUNTIF($B$5:$B$679,$A98)=0)) -> 0 | Q98: =IF(E98="","",--(MATCH(E98,$E$5:$E$560,0)=ROW()-4)) -> 1 | R98: =IF(Q98=1,COUNTIF($Q$5:Q98,1),"") -> 80
A99: T095 | B99: T094 | C99: 4 | D99: バッファ時間 | E99: t_buf | F99: ='01_入力仕様'!D12 -> 0.0005 | G99: s | H99: =ABS(K99)*$F$5 -> 4.0642393 | I99: 入力仕様 | J99: =1 -> 1 | K99: =K98*J99 -> 0.32675787 | L99: =IF(K99>0,"増加→総重量増",IF(K99<0,"増加→総重量減","中立")) -> 増加→総重量増 | M99: 設計対象 | O99: =IF($A99="","",--(COUNTIF($B$5:$B$679,$A99)=0)) -> 1 | Q99: =IF(E99="","",--(MATCH(E99,$E$5:$E$560,0)=ROW()-4)) -> 1 | R99: =IF(Q99=1,COUNTIF($Q$5:Q99,1),"") -> 81
A100: T096 | B100: T094 | C100: 4 | D100: DCバス電圧 | E100: V_dc | F100: ='01_入力仕様'!D6 -> 800 | G100: V | H100: =ABS(K100)*$F$5 -> 8.1284785 | I100: 入力仕様 | J100: =-2 -> -2 | K100: =K98*J100 -> -0.65351573 | L100: =IF(K100>0,"増加→総重量増",IF(K100<0,"増加→総重量減","中立")) -> 増加→総重量減 | M100: 設計対象 | N100: Vdc↑→Creq↓ | O100: =IF($A100="","",--(COUNTIF($B$5:$B$679,$A100)=0)) -> 1 | Q100: =IF(E100="","",--(MATCH(E100,$E$5:$E$560,0)=ROW()-4)) -> 0 | R100: =IF(Q100=1,COUNTIF($Q$5:Q100,1),"")
A101: T097 | B101: T094 | C101: 4 | D101: 許容リップル率 | E101: r_vdc | F101: ='01_入力仕様'!D11 -> 0.05 | G101: - | H101: =ABS(K101)*$F$5 -> 3.960028 | I101: 入力仕様 | J101: =-2*(1-'01_入力仕様'!D11)/(2-'01_入力仕様'!D11) -> -0.97435897 | K101: =K98*J101 -> -0.31837946 | L101: =IF(K101>0,"増加→総重量増",IF(K101<0,"増加→総重量減","中立")) -> 増加→総重量減 | M101: 設計対象 | O101: =IF($A101="","",--(COUNTIF($B$5:$B$679,$A101)=0)) -> 1 | Q101: =IF(E101="","",--(MATCH(E101,$E$5:$E$560,0)=ROW()-4)) -> 1 | R101: =IF(Q101=1,COUNTIF($Q$5:Q101,1),"") -> 82
A102: T098 | B102: T093 | C102: 3 | D102: 比重量 | E102: mC_spec | F102: =0.0005*F103^2/F106 -> 2.4600027 | G102: kg/mF | H102: =ABS(K102)*$F$5 -> 4.0642393 | I102: mC_spec=0.0005×V_cap²/e_cap | J102: =1 -> 1 | K102: =K97*J102 -> 0.32675787 | L102: =IF(K102>0,"増加→総重量増",IF(K102<0,"増加→総重量減","中立")) -> 増加→総重量増 | M102: 設計対象 | O102: =IF($A102="","",--(COUNTIF($B$5:$B$679,$A102)=0)) -> 0 | Q102: =IF(E102="","",--(MATCH(E102,$E$5:$E$560,0)=ROW()-4)) -> 1 | R102: =IF(Q102=1,COUNTIF($Q$5:Q102,1),"") -> 83
...

Sheet 03_ダッシュボード
A1: パワエレ・モータドライブ 感度解析ダッシュボード v3.2
A2: 集計元：02_ツリー A5:R679。主要感度集計を数式で自動更新。
A10: 変数 | B10: 正感度合計 S+ | C10: 負感度合計 S- | D10: ネット感度 S_net | E10: 最終変数判定 | F10: トレードオフ有無 | G10: Enable系
A11: =IFERROR(INDEX('02_ツリー'!$E$5:$E$679,MATCH(ROW()-10,'02_ツリー'!$R$5:$R$679,0)),"") -> M_inv | B11: =IF($A11="","",SUMIFS('02_ツリー'!$K$5:$K$679,'02_ツリー'!$E$5:$E$679,$A11,'02_ツリー'!$K$5:$K$679,">0")) -> 1 | C11: =IF($A11="","",SUMIFS('02_ツリー'!$K$5:$K$679,'02_ツリー'!$E$5:$E$679,$A11,'02_ツリー'!$K$5:$K$679,"<0")) -> 0 | D11: =IF($A11="","",B11+C11) -> 1 | E11: =IF($A11="","",--(COUNTIFS('02_ツリー'!$E$5:$E$679,$A11,'02_ツリー'!$O$5:$O$679,0)=0)) -> 0 | F11: =IF($A11="","",--AND(B11>0,C11<0)) -> 0 | G11: =IF($A11="","",--(LEFT(A11,7)="Enable_")) -> 0
A12: =IFERROR(INDEX('02_ツリー'!$E$5:$E$679,MATCH(ROW()-10,'02_ツリー'!$R$5:$R$679,0)),"") -> M_semi | B12: =IF($A12="","",SUMIFS('02_ツリー'!$K$5:$K$679,'02_ツリー'!$E$5:$E$679,$A12,'02_ツリー'!$K$5:$K$679,">0")) -> 0.1324108 | C12: =IF($A12="","",SUMIFS('02_ツリー'!$K$5:$K$679,'02_ツリー'!$E$5:$E$679,$A12,'02_ツリー'!$K$5:$K$679,"<0")) -> 0 | D12: =IF($A12="","",B12+C12) -> 0.1324108 | E12: =IF($A12="","",--(COUNTIFS('02_ツリー'!$E$5:$E$679,$A12,'02_ツリー'!$O$5:$O$679,0)=0)) -> 0 | F12: =IF($A12="","",--AND(B12>0,C12<0)) -> 0 | G12: =IF($A12="","",--(LEFT(A12,7)="Enable_")) -> 0
A13: =IFERROR(INDEX('02_ツリー'!$E$5:$E$679,MATCH(ROW()-10,'02_ツリー'!$R$5:$R$679,0)),"") -> N_power_device_total | B13: =IF($A13="","",SUMIFS('02_ツリー'!$K$5:$K$679,'02_ツリー'!$E$5:$E$679,$A13,'02_ツリー'!$K$5:$K$679,">0")) -> 0.1324108 | C13: =IF($A13="","",SUMIFS('02_ツリー'!$K$5:$K$679,'02_ツリー'!$E$5:$E$679,$A13,'02_ツリー'!$K$5:$K$679,"<0")) -> 0 | D13: =IF($A13="","",B13+C13) -> 0.1324108 | E13: =IF($A13="","",--(COUNTIFS('02_ツリー'!$E$5:$E$679,$A13,'02_ツリー'!$O$5:$O$679,0)=0)) -> 1 | F13: =IF($A13="","",--AND(B13>0,C13<0)) -> 0 | G13: =IF($A13="","",--(LEFT(A13,7)="Enable_")) -> 0
A14: =IFERROR(INDEX('02_ツリー'!$E$5:$E$679,MATCH(ROW()-10,'02_ツリー'!$R$5:$R$679,0)),"") -> m_mod | B14: =IF($A14="","",SUMIFS('02_ツリー'!$K$5:$K$679,'02_ツリー'!$E$5:$E$679,$A14,'02_ツリー'!$K$5:$K$679,">0")) -> 0.081759879 | C14: =IF($A14="","",SUMIFS('02_ツリー'!$K$5:$K$679,'02_ツリー'!$E$5:$E$679,$A14,'02_ツリー'!$K$5:$K$679,"<0")) -> 0 | D14: =IF($A14="","",B14+C14) -> 0.081759879 | E14: =IF($A14="","",--(COUNTIFS('02_ツリー'!$E$5:$E$679,$A14,'02_ツリー'!$O$5:$O$679,0)=0)) -> 0 | F14: =IF($A14="","",--AND(B14>0,C14<0)) -> 0 | G14: =IF($A14="","",--(LEFT(A14,7)="Enable_")) -> 0
A15: =IFERROR(INDEX('02_ツリー'!$E$5:$E$679,MATCH(ROW()-10,'02_ツリー'!$R$5:$R$679,0)),"") -> m_chip_mod | B15: =IF($A15="","",SUMIFS('02_ツリー'!$K$5:$K$679,'02_ツリー'!$E$5:$E$679,$A15,'02_ツリー'!$K$5:$K$679,">0")) -> 6.5908176e-05 | C15: =IF($A15="","",SUMIFS('02_ツリー'!$K$5:$K$679,'02_ツリー'!$E$5:$E$679,$A15,'02_ツリー'!$K$5:$K$679,"<0")) -> 0 | D15: =IF($A15="","",B15+C15) -> 6.5908176e-05 | E15: =IF($A15="","",--(COUNTIFS('02_ツリー'!$E$5:$E$679,$A15,'02_ツリー'!$O$5:$O$679,0)=0)) -> 0 | F15: =IF($A15="","",--AND(B15>0,C15<0)) -> 0 | G15: =IF($A15="","",--(LEFT(A15,7)="Enable_")) -> 0
A16: =IFERROR(INDEX('02_ツリー'!$E$5:$E$679,MATCH(ROW()-10,'02_ツリー'!$R$5:$R$679,0)),"") -> N_chip_mod | B16: =IF($A16="","",SUMIFS('02_ツリー'!$K$5:$K$679,'02_ツリー'!$E$5:$E$679,$A16,'02_ツリー'!$K$5:$K$679,">0")) -> 6.5908176e-05 | C16: =IF($A16="","",SUMIFS('02_ツリー'!$K$5:$K$679,'02_ツリー'!$E$5:$E$679,$A16,'02_ツリー'!$K$5:$K$679,"<0")) -> 0 | D16: =IF($A16="","",B16+C16) -> 6.5908176e-05 | E16: =IF($A16="","",--(COUNTIFS('02_ツリー'!$E$5:$E$679,$A16,'02_ツリー'!$O$5:$O$679,0)=0)) -> 0 | F16: =IF($A16="","",--AND(B16>0,C16<0)) -> 0 | G16: =IF($A16="","",--(LEFT(A16,7)="Enable_")) -> 0
A17: =IFERROR(INDEX('02_ツリー'!$E$5:$E$679,MATCH(ROW()-10,'02_ツリー'!$R$5:$R$679,0)),"") -> k_chip | B17: =IF($A17="","",SUMIFS('02_ツリー'!$K$5:$K$679,'02_ツリー'!$E$5:$E$679,$A17,'02_ツリー'!$K$5:$K$679,">0")) -> 6.5908176e-05 | C17: =IF($A17="","",SUMIFS('02_ツリー'!$K$5:$K$679,'02_ツリー'!$E$5:$E$679,$A17,'02_ツリー'!$K$5:$K$679,"<0")) -> 0 | D17: =IF($A17="","",B17+C17) -> 6.5908176e-05 | E17: =IF($A17="","",--(COUNTIFS('02_ツリー'!$E$5:$E$679,$A17,'02_ツリー'!$O$5:$O$679,0)=0)) -> 1 | F17: =IF($A17="","",--AND(B17>0,C17<0)) -> 0 | G17: =IF($A17="","",--(LEFT(A17,7)="Enable_")) -> 0
A18: =IFERROR(INDEX('02_ツリー'!$E$5:$E$679,MATCH(ROW()-10,'02_ツリー'!$R$5:$R$679,0)),"") -> I_phase | B18: =IF($A18="","",SUMIFS('02_ツリー'!$K$5:$K$679,'02_ツリー'!$E$5:$E$679,$A18,'02_ツリー'!$K$5:$K$679,">0")) -> 0.047694862 | C18: =IF($A18="","",SUMIFS('02_ツリー'!$K$5:$K$679,'02_ツリー'!$E$5:$E$679,$A18,'02_ツリー'!$K$5:$K$679,"<0")) -> -0.018791044 | D18: =IF($A18="","",B18+C18) -> 0.028903818 | E18: =IF($A18="","",--(COUNTIFS('02_ツリー'!$E$5:$E$679,$A18,'02_ツリー'!$O$5:$O$679,0)=0)) -> 0 | F18: =IF($A18="","",--AND(B18>0,C18<0)) -> 1 | G18: =IF($A18="","",--(LEFT(A18,7)="Enable_")) -> 0
A19: =IFERROR(INDEX('02_ツリー'!$E$5:$E$679,MATCH(ROW()-10,'02_ツリー'!$R$5:$R$679,0)),"") -> V_ll | B19: =IF($A19="","",SUMIFS('02_ツリー'!$K$5:$K$679,'02_ツリー'!$E$5:$E$679,$A19,'02_ツリー'!$K$5:$K$679,">0")) -> 0.018789803 | C19: =IF($A19="","",SUMIFS('02_ツリー'!$K$5:$K$679,'02_ツリー'!$E$5:$E$679,$A19,'02_ツリー'!$K$5:$K$679,"<0")) -> -0.047666743 | D19: =IF($A19="","",B19+C19) -> -0.02887694 | E19: =IF($A19="","",--(COUNTIFS('02_ツリー'!$E$5:$E$679,$A19,'02_ツリー'!$O$5:$O$679,0)=0)) -> 1 | F19: =IF($A19="","",--AND(B19>0,C19<0)) -> 1 | G19: =IF($A19="","",--(LEFT(A19,7)="Enable_")) -> 0
A20: =IFERROR(INDEX('02_ツリー'!$E$5:$E$679,MATCH(ROW()-10,'02_ツリー'!$R$5:$R$679,0)),"") -> PF | B20: =IF($A20="","",SUMIFS('02_ツリー'!$K$5:$K$679,'02_ツリー'!$E$5:$E$679,$A20,'02_ツリー'!$K$5:$K$679,">0")) -> 0.018789803 | C20: =IF($A20="","",SUMIFS('02_ツリー'!$K$5:$K$679,'02_ツリー'!$E$5:$E$679,$A20,'02_ツリー'!$K$5:$K$679,"<0")) -> -0.047666743 | D20: =IF($A20="","",B20+C20) -> -0.02887694 | E20: =IF($A20="","",--(COUNTIFS('02_ツリー'!$E$5:$E$679,$A20,'02_ツリー'!$O$5:$O$679,0)=0)) -> 1 | F20: =IF($A20="","",--AND(B20>0,C20<0)) -> 1 | G20: =IF($A20="","",--(LEFT(A20,7)="Enable_")) -> 0
A21: =IFERROR(INDEX('02_ツリー'!$E$5:$E$679,MATCH(ROW()-10,'02_ツリー'!$R$5:$R$679,0)),"") -> eta | B21: =IF($A21="","",SUMIFS('02_ツリー'!$K$5:$K$679,'02_ツリー'!$E$5:$E$679,$A21,'02_ツリー'!$K$5:$K$679,">0")) -> 0.018789803 | C21: =IF($A21="","",SUMIFS('02_ツリー'!$K$5:$K$679,'02_ツリー'!$E$5:$E$679,$A21,'02_ツリー'!$K$5:$K$679,"<0")) -> -0.1133911 | D21: =IF($A21="","",B21+C21) -> -0.094601295 | E21: =IF($A21="","",--(COUNTIFS('02_ツリー'!$E$5:$E$679,$A21,'02_ツリー'!$O$5:$O$679,0)=0)) -> 1 | F21: =IF($A21="","",--AND(B21>0,C21<0)) -> 1 | G21: =IF($A21="","",--(LEFT(A21,7)="Enable_")) -> 0
A22: =IFERROR(INDEX('02_ツリー'!$E$5:$E$679,MATCH(ROW()-10,'02_ツリー'!$R$5:$R$679,0)),"") -> I_chip | B22: =IF($A22="","",SUMIFS('02_ツリー'!$K$5:$K$679,'02_ツリー'!$E$5:$E$679,$A22,'02_ツリー'!$K$5:$K$679,">0")) -> 0 | C22: =IF($A22="","",SUMIFS('02_ツリー'!$K$5:$K$679,'02_ツリー'!$E$5:$E$679,$A22,'02_ツリー'!$K$5:$K$679,"<0")) -> -6.5908176e-05 | D22: =IF($A22="","",B22+C22) -> -6.5908176e-05 | E22: =IF($A22="","",--(COUNTIFS('02_ツリー'!$E$5:$E$679,$A22,'02_ツリー'!$O$5:$O$679,0)=0)) -> 0 | F22: =IF($A22="","",--AND(B22>0,C22<0)) -> 0 | G22: =IF($A22="","",--(LEFT(A22,7)="Enable_")) -> 0
... A504: =IFERROR(INDEX('02_ツリー'!$E$5:$E$679,MATCH(ROW()-10,'02_ツリー'!$R$5:$R$679,0)),"") | B504: =IF($A504="","",SUMIFS('02_ツリー'!$K$5:$K$679,'02_ツリー'!$E$5:$E$679,$A504,'02_ツリー'!$K$5:$K$679,">0")) | C504: =IF($A504="","",SUMIFS('02_ツリー'!$K$5:$K$679,'02_ツリー'!$E$5:$E$679,$A504,'02_ツリー'!$K$5:$K$679,"<0")) | D504: =IF($A504="","",B504+C504) | E504: =IF($A504="","",--(COUNTIFS('02_ツリー'!$E$5:$E$679,$A504,'02_ツリー'!$O$5:$O$679,0)=0)) | F504: =IF($A504="","",--AND(B504>0,C504<0)) | G504: =IF($A504="","",--(LEFT(A504,7)="Enable_"))

Sheet 07_システム要求
A1: システム要求・自動推奨設計値
A4: 入力自動化方針：システム要求から一意またはほぼ一意に決まる値は自動適用可能とし、損失・重量の最適化対象となる設計変数は推奨値のみ提示して固定しない。「自動適用」は初期設計を簡略化するための設計ルールであり、最終設計値ではない。
A8: 区分 | B8: システム要求 / 設計ルール | C8: 変数 | D8: 入力値 | E8: 単位 | F8: 自動/手動 | G8: 使用先 | H8: 備考・計算詳細 | J8: 推奨ID | K8: 推奨設計値 | L8: 変数 | M8: 推奨値 | N8: 単位 | O8: 適用方針 | P8: 計算式/設計ルール | Q8: 注意
A9: 電力 | B9: 定格出力 | C9: SYS_Pout | D9: 100 | E9: kW | F9: 要求 | G9: P_out | H9: 上位アプリケーションで固定 | J9: R001 | K9: モータ電気周波数 | L9: f_e | M9: =D10*D11/60 -> 800 | N9: Hz | O9: 自動計算 | P9: n_max×pole_pairs/60 | Q9: システム要求から一意
A10: モータ | B10: 最高機械回転数 | C10: SYS_nmax | D10: 12000 | E10: rpm | F10: 要求 | G10: f_e,f_sw | H10: 最高運転点 | J10: R002 | K10: 初期スイッチング周波数 | L10: f_sw | M10: =MAX(M9*D16,IF(D17=1,20000,0),M22,M23) -> 16000 | N10: Hz | O10: 自動適用候補 | P10: MAX(f_e×PWM回数, 可聴域下限, リップル要求由来fsw, 制御帯域由来fsw) | Q10: 回転数だけでなく電流リップル要求・電流制御帯域も反映
A11: モータ | B11: 極対数 | C11: SYS_pole_pairs | D11: 4 | E11: - | F11: 要求 | G11: f_e,f_sw | H11: 電気周波数=f_mech×極対数 | J11: R003 | K11: 相電流RMS | L11: I_phase_req | M11: =D9*1000/(SQRT(3)*D12*D14*D15) -> 156.63328 | N11: A | O11: 自動計算 | P11: Pout/(sqrt(3)×Vll×PF×eta) | Q11: Pout固定要求
A12: モータ | B12: 最大線間電圧RMS | C12: SYS_Vll | D12: 400 | E12: V | F12: 要求/協調設計 | G12: V_ll,I_phase | H12: モータ巻線・逆起電圧設計と協調 | J12: R004 | K12: DC入力電流 | L12: I_dc_req | M12: =D9*1000/(D13*D15) -> 128.86598 | N12: A | O12: 自動計算 | P12: Pout/(Vdc×eta) | Q12: Pout固定要求
A13: 電源 | B13: DCバス公称電圧 | C13: SYS_Vdc | D13: 800 | E13: V | F13: 要求 | G13: V_dc,耐圧 | H13: バッテリ/電源システムから決定 | J13: R005 | K13: 半導体必要耐圧 | L13: V_block_req_rec | M13: =IF(AND('01_入力仕様'!D296=0,OR(D25="3L-NPC",D25="3L-ANPC")),0.5*D13+'02_ツリー'!F347,D13+'02_ツリー'!F347) -> 884.58197 | N13: V | O13: 自動計算 | P13: CSI=1: Vdc+surge、3L-NPC/ANPC: Vdc/2+surge、2L-VSI: Vdc+surge | Q13: モデル上の1素子当たり必要阻止電圧
A14: 性能 | B14: 目標力率 | C14: SYS_PF | D14: 0.95 | E14: - | F14: 要求 | G14: PF,I_phase | H14: モータ制御条件 | J14: R006 | K14: 半導体標準耐圧クラス | L14: V_device_class_rec | M14: =IF(M13<=650,650,IF(M13<=1200,1200,IF(M13<=1700,1700,3300))) -> 1200 | N14: V | O14: 推奨のみ | P14: V_block_req_recを650/1200/1700/3300Vへ切上げ | Q14: 部品選定用推奨値。物理耐圧計算とは分離
A15: 性能 | B15: 目標変換効率 | C15: SYS_eta | D15: 0.97 | E15: - | F15: 要求 | G15: eta,I_phase | H15: 初期見積用 | J15: R007 | K15: チップ面積初期推奨 | L15: A_chip_rec | M15: ='01_入力仕様'!D25*(M11/'02_ツリー'!F12)*(M14/1200)^0.6 -> 100 | N15: mm2 | O15: 推奨のみ | P15: 現行A_chip×I_phase/I_phase_baseline×(Vclass/1200)^0.6 | Q15: 現製品基準のスケーリング。最適化変数なので自動固定しない
A16: 制御 | B16: 最低PWM回数/電気周期 | C16: SYS_pwm_ratio | D16: 20 | E16: - | F16: 設計ルール | G16: f_sw | H16: 初期値。電流リップル/制御帯域/損失で再調整 | J16: R008 | K16: 並列数初期推奨 | L16: N_parallel_rec | M16: =MAX(1,CEILING(D26*M11/('01_入力仕様'!D33*'01_入力仕様'!D34*'01_入力仕様'!D25),1)) -> 3 | N16: - | O16: 推奨のみ | P16: MAX(1,CEILING(overload×I_phase/(J_chip×k_active×A_chip))) | Q16: 離散値。感度解析対象なので自動固定しない
A17: 制御 | B17: 可聴域回避を優先 | C17: SYS_audible_avoid | D17: 0 | E17: 0/1 | F17: 要求 | G17: f_sw | H17: 1の場合は20kHzを初期下限とする簡易ルール | J17: R009 | K17: デッドタイム初期推奨 | L17: t_dead_rec | M17: =1.5*MAX('01_入力仕様'!D153*'01_入力仕様'!D150/'01_入力仕様'!D152,'01_入力仕様'!D154*'01_入力仕様'!D151/'01_入力仕様'!D152) -> 7.5e-08 | N17: s | O17: 推奨のみ | P17: 1.5×MAX(t_on,t_off) | Q17: デバイス/ゲート条件で再調整
A18: 熱 | B18: 最大周囲温度 | C18: SYS_Tamb | D18: 45 | E18: degC | F18: 要求 | G18: T_amb,冷却 | H18: 設置環境 | J18: R010 | K18: ゲートドライバ数 | L18: N_gate_rec | M18: =IF('01_入力仕様'!D296=1,IF('01_入力仕様'!D334=1,6*'01_入力仕様'!D344,6),IF(D25="2L-VSI",6,IF(D25="3L-NPC",12,IF(D25="3L-ANPC",18,6)))) -> 6 | N18: 個 | O18: 自動適用 | P18: CSI=6、2L=6、3L-NPC=12、3L-ANPC=18 | Q18: 制御スイッチ数と一致。ダイオードにはゲートドライバを付けない。
A19: 熱 | B19: 冷媒入口温度 | C19: SYS_Tcool | D19: 65 | E19: degC | F19: 要求 | G19: T_cool_ref | H19: 液冷/空冷境界条件 | J19: R011 | K19: 要求DCリンク容量 | L19: C_req_rec | M19: ='02_ツリー'!F98 -> 1.6521279 | N19: mF | O19: 自動計算 | P19: 現行C_req式を参照 | Q19: 容量/リップル/寿命の最大要求で最終決定
A20: 熱 | B20: 目標接合温度 | C20: SYS_Tj | D20: 150 | E20: degC | F20: 設計要求 | G20: Tj_target | H20: 信頼性と冷却重量のトレードオフ | J20: R012 | K20: バスバー必要断面積 | L20: A_bus_rec | M20: ='02_ツリー'!F115 -> 32.216495 | N20: mm2 | O20: 自動計算 | P20: Idc/J_bus | Q20: 熱条件で再計算
A21: 信頼性 | B21: 要求寿命 | C21: SYS_life | D21: 150000 | E21: h | F21: 要求 | G21: life_cap_req | H21: コンデンサ寿命等へ展開 | J21: R013 | K21: オン抵抗初期推奨 | L21: R_on_target_rec | M21: ='02_ツリー'!F44*('01_入力仕様'!D25/M15)*(M14/MAX(M13,1))^2.2 -> 0.00028170006 | N21: ohm | O21: 推奨のみ | P21: 現行モデルRon×(現A_chip/A_chip_rec)×(標準耐圧/必要耐圧)^2.2 | Q21: 現製品基準の簡易スケーリング。A_chip/Ronは探索変数なので自動固定しない
A22: 配線 | B22: モータケーブル長 | C22: SYS_cable_len | D22: 2 | E22: m | F22: 要求 | G22: dv/dt,CM | H22: 長いほど反射・CM対策重要 | J22: R014 | K22: リップル要求由来fsw | L22: f_sw_ripple | M22: ='01_入力仕様'!D289*D13/(D24*D23*SQRT(2)*M11) -> 12898.313 | N22: Hz | O22: 自動計算 | P22: k_ripple_voltage×Vdc/(Lmotor×ripple_i×Ipk) | Q22: 簡易電流リップル上限制約
A23: 制御 | B23: 許容相電流リップル率 | C23: SYS_ripple_i | D23: 0.1 | E23: - | F23: 要求 | G23: f_sw/フィルタ | H23: モータLと合わせてfsw妥当性評価 | J23: R015 | K23: 制御帯域由来fsw | L23: f_sw_bw | M23: ='01_入力仕様'!D290*D30 -> 10000 | N23: Hz | O23: 自動計算 | P23: k_fsw_bw×BW_current | Q23: 制御帯域に対する最低キャリア倍率
A24: モータ | B24: 相インダクタンス | C24: SYS_Lmotor | D24: 0.00035 | E24: H | F24: 要求/既知値 | G24: f_sw/電流リップル | H24: モータ設計値 | J24: R016 | K24: パワーデバイス総数 | L24: N_power_device_total_rec | M24: =IF('01_入力仕様'!D296=1,IF('01_入力仕様'!D334=1,6,12),IF(D25="2L-VSI",6,IF(D25="3L-NPC",18,IF(D25="3L-ANPC",18,6)))) -> 6 | N24: 個 | O24: 自動適用 | P24: CSI=12、2L=6、3L-NPC=18、3L-ANPC=18 | Q24: CSI=6SW+6逆阻止diode。NPC=12SW+6 clamp diode。ANPC=18SW。
A25: 回路 | B25: 主回路トポロジー | C25: SYS_topology | D25: 2L-VSI | E25: - | F25: 設計選択 | G25: VSI素子数/耐圧 | H25: VSI方式のみ選択。2L-VSI / 3L-NPC / 3L-ANPC。CSIは10_シナリオ入力のEnable_CSIで別系統として選択。 | J25: R017 | K25: 追加ダイオード数 | L25: N_diode_extra_rec | M25: =IF('01_入力仕様'!D296=1,IF('01_入力仕様'!D334=1,0,6),IF(D25="3L-NPC",6,0)) -> 0 | N25: 個 | O25: 自動適用 | P25: CSI=6、NPC=6、2L/ANPC=0 | Q25: CSI逆阻止/NPCクランプ用追加ダイオード。
A26: 保護 | B26: 短時間過負荷倍率 | C26: SYS_overload | D26: 1.5 | E26: pu | F26: 要求 | G26: 半導体電流余裕 | H26: 短絡保護/並列数の初期推奨
A27: 絶縁 | B27: 要求最大dv/dt | C27: SYS_dvdt_max | D27: 10 | E27: kV/us | F27: 要求 | G27: gate/filter | H27: モータ絶縁・ケーブル条件から設定
A28: 安全 | B28: DCリンク放電要求時間 | C28: SYS_discharge_time | D28: 5 | E28: s | F28: 要求 | G28: 放電回路 | H28: Vdcから安全電圧までの要求時間
A29: 安全 | B29: 放電完了安全電圧 | C29: SYS_safe_voltage | D29: 60 | E29: V | F29: 要求 | G29: 放電回路 | H29: サービス/安全要求の簡易設定
A30: 制御 | B30: 電流制御帯域 | C30: SYS_BW_current | D30: 1000 | E30: Hz | F30: 要求 | G30: f_sw | H30: fswは制御帯域の十分上に設定

Sheet 09_基準仕様
A1: 09_基準仕様：材料・技術世代・製品基準値
A4: 同じ材料・同じ技術世代でシナリオ比較する限り固定する値です。毎回の比較では編集しません。材料や技術世代を変える場合だけ変更してください。
A8: No. | B8: 分類 | C8: 仕様 / 技術パラメータ | D8: 変数 | E8: 基準値 | F8: 単位 | G8: 旧入力区分 | H8: 主な影響先 | I8: 備考
A9: 1 | B9: 製品仕様 | C9: 許容DC電圧リップル率 | D9: r_vdc | E9: 0.05 | F9: - | G9: 設計変数 | H9: C_req | I9: DCリンク電圧リップル許容値5%を基準設計値として採用。物理定数ではなくC_reqを決めるシステム設計要求。実機のDCバス品質要求に合わせて変更する。
A10: 2 | B10: 製品仕様 | C10: DCリンクバッファ時間 | D10: t_buf | E10: 0.0005 | F10: s | G10: 設計変数 | H10: C_req | I10: DCリンクCのエネルギーバッファ時間0.5 msを基準設計値として採用。物理定数ではなくC_reqを決める簡略設計仮定。負荷過渡/制御帯域の要求で校正する。
A11: 3 | B11: 半導体 | C11: パワーデバイス個数（旧基準値） | D11: N_power_device | E11: 6 | F11: 個 | G11: 旧基準値 | H11: M_semi/P_sw | I11: 実使用値はSYS_topologyおよびEnable_CSIから自動算出。
A12: 4 | B12: 半導体 | C12: DC電圧→必要耐圧係数 | D12: K_vblk | E12: 1 | F12: - | G12: 技術係数 | H12: V_block_req | I12: 2L-VSI/CSIでは V_block_req=K_vblk×Vdc+surge。3L-NPC/ANPCでは1素子当たり Vdc/2+surge とし、K_vblkは3L枝には適用しない。surgeは直流印加電圧が半分でも発生するため加算する。
A13: 5 | B13: 半導体 | C13: ドリフト層電界利用率 | D13: k_Euse | E13: 0.72 | F13: - | G13: 技術係数 | H13: E_allow | I13: 材料臨界電界E_critをそのまま使わず72%に制限する設計利用率。欠陥・温度・電界集中・信頼性余裕をまとめた簡略係数で、普遍定数ではない。
A14: 6 | B14: 半導体 | C14: 材料臨界電界 | D14: E_crit | E14: 250000000 | F14: V/m | G14: 材料 | H14: E_allow | I14: 4H-SiCの臨界電界の代表値として2.5 MV/cm (=2.5×10^8 V/m)を採用。結晶方位・ドーピング・温度で変化するため、設計余裕は別変数k_Euseで与える。参考: https://repository.kulib.kyoto-u.ac.jp/dspace/bitstream/2433/288729/1/dkogk05254.pdf
A15: 7 | B15: 半導体 | C15: ドリフト層厚余裕係数 | D15: K_tdrift | E15: 1.15 | F15: - | G15: 技術係数 | H15: t_drift | I15: 理想ドリフト層厚に15%余裕を持たせる簡略安全係数。端部電界・製造ばらつき等をまとめた設計仮定で、デバイス実測/TCADで校正する。
A16: 8 | B16: 半導体 | C16: 基準ドーピング濃度 | D16: N_d_ref | E16: 8e+21 | F16: 1/m³ | G16: 材料 | H16: N_drift | I16: 説明用
A17: 9 | B17: 半導体 | C17: 耐圧基準 | D17: V_ref_nd | E17: 1200 | F17: V | G17: 技術係数 | H17: N_drift | I17: ドリフト層ドーピングの正規化基準として1200 Vを採用。物理定数ではなく比率式の基準点。1200 V級SiCデバイスを基準にしたモデル正規化値。
A18: 10 | B18: 半導体 | C18: ドーピング耐圧指数 | D18: a_nd | E18: 1.2 | F18: - | G18: 技術係数 | H18: N_drift | I18: N∝V^-a
A19: 11 | B19: 半導体 | C19: 電子移動度 | D19: mu_n | E19: 0.08 | F19: m²/(V·s) | G19: 材料 | H19: rho_drift | I19: 説明用SiC
A20: 12 | B20: 半導体 | C20: 素電荷 | D20: q_e | E20: 1.602e-19 | F20: C | G20: 固定定数 | H20: rho_drift | I20: 物理定数
... A116: 108 | B116: バスバー熱 | C116: 銅抵抗率 | D116: rho_e_bus | E116: 1.72e-08 | F116: Ωm | G116: 材料 | H116: J_bus_phys | I116: 銅(Cu)の20°C近傍の抵抗率として1.72E-8 Ωmを採用。温度上昇による抵抗率変化は別係数側で扱う。
A117: 109 | B117: バスバー熱 | C117: 表面積/体積係数 | D117: k_sav_bus | E117: =2*(1/'01_入力仕様'!D227+'01_入力仕様'!D227/((((('01_入力仕様'!D5*1000)/('01_入力仕様'!D6*'01_入力仕様'!D9))/'01_入力仕様'!D58)*0.000001))) -> 1426.4533 | F117: 1/m | G117: 技術係数 | H117: J_bus_phys | I117: 基準断面積A_ref=I_dc/J_bus_refとt_bus_condから長方形導体S/V=2(1/t+t/A_ref)を自動算出。一般的な幾何式。
A118: 110 | B118: EMI磁性 | C118: コア許容磁束密度 | D118: B_max | E118: 0.25 | F118: T | G118: 材料 | H118: u_core | I118: 高周波磁性部品の設計磁束密度0.25 T。MnZnフェライト等の高周波設計で飽和・損失余裕を持たせる代表的設計値で、採用コア材のB-H/損失データで校正する。
A119: 111 | B119: EMI磁性 | C119: コア透磁率係数 | D119: k_mu_core | E119: 1 | F119: - | G119: 材料 | H119: u_core | I119: コア透磁率影響の正規化係数。1.0は基準コア特性をそのまま使う意味で、実透磁率そのものではない。実コアの周波数・温度依存μe/B-H特性または磁気FEMで校正する。
A120: 112 | B120: EMI磁性 | C120: 巻線充填率 | D120: k_fill_L | E120: 0.4 | F120: - | G120: 技術係数 | H120: k_mL_phys | I120: 巻線窓の銅充填率40%を基準設計値として採用。絶縁・ボビン・巻線余裕を含む一般的な一次設計仮定で、実巻線設計で校正する。
A121: 113 | B121: EMI磁性 | C121: コア/銅等価密度 | D121: rho_L_eq | E121: 5000 | F121: kg/m³ | G121: 材料 | H121: k_mL_phys | I121: 磁性コアとCu巻線を一体化した等価密度5,000 kg/m³。Cuとフェライトの混合体としての重量換算用簡略値。実BOMで校正する。
A122: 114 | B122: 制御回路 | C122: 制御PCB面積 | D122: A_ctrl_pcb | E122: 0.03 | F122: m² | G122: 設計変数 | H122: m_ctrl_pcb | I122: 100 kW級基準モデルの制御PCB面積として置いた初期設計値。物理定数ではない。m_ctrl_pcbの一次見積り用で、実機BOM・CAD・採用部品データに置換/校正する。
A123: 115 | B123: 制御回路 | C123: 制御PCB厚さ | D123: t_ctrl_pcb | E123: 0.0016 | F123: m | G123: 設計変数 | H123: m_ctrl_pcb | I123: 100 kW級基準モデルの制御PCB厚さとして置いた初期設計値。物理定数ではない。m_ctrl_pcbの一次見積り用で、実機BOM・CAD・採用部品データに置換/校正する。
A124: 116 | B124: 制御回路 | C124: PCB等価密度 | D124: rho_ctrl_pcb | E124: 1900 | F124: kg/m³ | G124: 材料 | H124: m_ctrl_pcb | I124: FR-4/銅箔を含むPCB基板の等価密度1,900 kg/m³を重量換算に採用。搭載部品重量は別項m_ctrl_compで扱う。
A125: 117 | B125: 制御回路 | C125: PCB搭載部品重量 | D125: m_ctrl_comp | E125: 0.1 | F125: kg | G125: 設計変数 | H125: m_ctrl_pcb | I125: 100 kW級基準モデルのPCB搭載部品重量として置いた初期設計値。物理定数ではない。m_ctrl_pcbの一次見積り用で、実機BOM・CAD・採用部品データに置換/校正する。
A126: 118 | B126: ゲート回路 | C126: ドライバ単体重量 | D126: m_gate_unit | E126: 0.018 | F126: kg/個 | G126: 設計変数 | H126: m_gate | I126: 100 kW級基準モデルのドライバ単体重量として置いた初期設計値。物理定数ではない。m_gateの一次見積り用で、実機BOM・CAD・採用部品データに置換/校正する。
A127: 119 | B127: 制御回路 | C127: 補助電源重量 | D127: m_aux_supply | E127: 0.12 | F127: kg | G127: 設計変数 | H127: M_ctrl | I127: 100 kW級基準モデルの補助電源重量として置いた初期設計値。物理定数ではない。M_ctrlの一次見積り用で、実機BOM・CAD・採用部品データに置換/校正する。
A128: 120 | B128: センサ | C128: 電流センサ数 | D128: N_isens | E128: 3 | F128: 個 | G128: 設計変数 | H128: m_isens | I128: 100 kW級基準モデルの電流センサ数として置いた初期設計値。物理定数ではない。m_isensの一次見積り用で、実機BOM・CAD・採用部品データに置換/校正する。
A129: 121 | B129: センサ | C129: 電流センサ単体重量 | D129: m_isens_unit | E129: 0.045 | F129: kg/個 | G129: 設計変数 | H129: m_isens | I129: 100 kW級基準モデルの電流センサ単体重量として置いた初期設計値。物理定数ではない。m_isensの一次見積り用で、実機BOM・CAD・採用部品データに置換/校正する。
... A209: 201 | B209: バスバー | C209: 導体厚さ | D209: t_bus_cond | E209: 0.0015 | F209: m | G209: 設計変数 | H209: k_ac_bus | I209: バスバー導体厚1.5 mmを基準構造値として採用。電流密度・skin effect・製造性から最適化する。
A210: 202 | B210: バスバー | C210: 基準表皮深さ | D210: delta_skin_ref | E210: =SQRT($E$116/(PI()*'01_入力仕様'!D10*4*PI()*0.0000001)) -> 0.00052182438 | F210: m | G210: 技術係数 | H210: k_ac_bus | I210: 固定値ではなく銅の表皮深さを自動計算。δ=SQRT(ρ/(πfμ0))、μr≈1。fはスイッチング周波数。16 kHz・ρ=1.72E-8 Ωmでは約0.522 mm。 Formula reference: https://www.allaboutcircuits.com/tools/skin-depth-calculator
A211: 203 | B211: バスバー | C211: 積層追加重量 | D211: m_laminate_unit | E211: 0.035 | F211: kg/層 | G211: 技術係数 | H211: M_laminate | I211: M_laminateの簡略式で用いる積層追加重量の補正/正規化係数。普遍定数ではなく基準モデル再現用の経験値・設計仮定。実測/詳細解析/部品データで校正する。
A212: 204 | B212: dvdtフィルタ | C212: dv/dtフィルタ追加重量 | D212: m_dvdt_filter | E212: 0.18 | F212: kg | G212: 技術係数 | H212: M_inv | I212: M_invの簡略式で用いるdv/dtフィルタ追加重量の補正/正規化係数。普遍定数ではなく基準モデル再現用の経験値・設計仮定。実測/詳細解析/部品データで校正する。
A213: 205 | B213: dvdtフィルタ | C213: EMI低減率 | D213: k_dvdt_reduce | E213: 0.75 | F213: - | G213: 技術係数 | H213: M_slew_emi | I213: M_slew_emiの簡略式で用いるEMI低減率の補正/正規化係数。普遍定数ではなく基準モデル再現用の経験値・設計仮定。実測/詳細解析/部品データで校正する。
A214: 206 | B214: dvdtフィルタ | C214: 出力フィルタ損失 | D214: P_dvdt_filter_on | E214: 120 | F214: W | G214: 技術係数 | H214: Q_req | I214: Q_reqの簡略式で用いる出力フィルタ損失の補正/正規化係数。普遍定数ではなく基準モデル再現用の経験値・設計仮定。実測/詳細解析/部品データで校正する。
A215: 207 | B215: CMフィルタ | C215: アクティブCMフィルタ基準重量 | D215: m_CM_active_ref | E215: 0.08 | F215: kg | G215: 技術係数 | H215: M_CM_active | I215: 基準CM要求比におけるアクティブCMキャンセル回路の等価重量0.08 kgを校正点として採用。一般値ではない。実回路のセンサ、アンプ/スイッチ、磁気、PCB、冷却/取付のBOM重量へ置換する。
A216: 208 | B216: CMフィルタ | C216: アクティブ併用時パッシブ重量低減率 | D216: k_CM_active_passive_reduce | E216: 0.65 | F216: - | G216: 技術係数 | H216: M_CM_passive | I216: Hybrid時にアクティブCMキャンセルが担う減衰分だけパッシブLC重量を低減する簡略係数。
A217: 209 | B217: CMフィルタ | C217: アクティブCM重量指数 | D217: a_CM_active_mass | E217: 0.3 | F217: - | G217: 技術係数 | H217: M_CM_active | I217: CM要求比に対するアクティブCM回路重量のスケーリング指数0.3は感度解析用の経験係数。一般式ではない。複数要求点の回路設計/BOMからM∝k_CM_req^aをフィッティングして校正する。
A218: 210 | B218: EMI/構造 | C218: シールド追加重量 | D218: m_shield | E218: 0.12 | F218: kg | G218: 技術係数 | H218: M_shield | I218: M_shieldの簡略式で用いるシールド追加重量の補正/正規化係数。普遍定数ではなく基準モデル再現用の経験値・設計仮定。実測/詳細解析/部品データで校正する。
A219: 211 | B219: EMI/構造 | C219: シールドEMI低減率 | D219: k_shield_reduce | E219: 0.35 | F219: - | G219: 技術係数 | H219: M_emi | I219: M_emiの簡略式で用いるシールドEMI低減率の補正/正規化係数。普遍定数ではなく基準モデル再現用の経験値・設計仮定。実測/詳細解析/部品データで校正する。
A220: 212 | B220: センシング | C220: シャント抵抗 | D220: R_shunt | E220: 0.0005 | F220: ohm | G220: 設計変数 | H220: P_shunt/M_CSA | I220: 電流シャント0.5 mΩを基準値として採用。損失・測定電圧・精度のトレードオフで実部品選定する。
A221: 213 | B221: センシング | C221: 基準シャント抵抗 | D221: R_shunt_ref | E221: 0.0005 | F221: ohm | G221: 技術係数 | H221: M_CSA | I221: シャント重量/損失補正式の正規化基準0.5 mΩ。
A222: 214 | B222: センシング | C222: 基準電流アンプ重量 | D222: m_CSA_ref | E222: 0.035 | F222: kg | G222: 技術係数 | H222: M_CSA | I222: M_CSAの簡略式で用いる基準電流アンプ重量の補正/正規化係数。普遍定数ではなく基準モデル再現用の経験値・設計仮定。実測/詳細解析/部品データで校正する。
... A265: 257 | B265: 前段DCDC | C265: DCDC基準スイッチ数 | D265: N_switch_DCDC_ref | E265: 4 | F265: 個 | G265: 設計係数 | H265: M_DCDC_power | I265: 独立DCDC段の基準スイッチ数4個は簡略トポロジーの一次仮定。一般値ではない。採用DCDCトポロジー（例: 2相/フルブリッジ等）の実スイッチ数へ置換する。
A266: 258 | B266: DCリアクトル | C266: DCリンク基準インダクタンス | D266: L_dc_ref | E266: ='01_入力仕様'!D6/(4*'01_入力仕様'!D10*$E$276*(('01_入力仕様'!D5*1000)/('01_入力仕様'!D6*'01_入力仕様'!D9))) -> 0.00194 | F266: H | G266: 設計基準 | H266: L_dc | I266: 固定1 mHではなく、一次近似L_ref=Vdc/(4·fsw·ΔI)、ΔI=r_Idc_ripple·I_dcで自動計算。Vdc/4を平均的な有効インダクタ印加電圧とみなすトポロジー中立の暫定式。最終設計ではDCDC/CSI各トポロジーのデューティ・転流状態から再計算。
A267: 259 | B267: DCリアクトル | C267: APDによるL低減率 | D267: k_APD_L_reduce | E267: 0.7 | F267: - | G267: 技術係数 | H267: L_dc | I267: APD採用時に必要Ldcを70%低減（残存30%）できるとする研究シナリオ仮定。一般値ではない。APDの電力脈動補償率と許容DC電流リプルから必要エネルギー/Lを再計算して校正する。
A268: 260 | B268: DCリアクトル | C268: 磁気エネルギー→質量係数 | D268: k_m_Ldc_energy | E268: 0.05 | F268: kg/J | G268: 技術係数 | H268: M_Ldc_normal | I268: 磁気エネルギーE=0.5LI²に対する比重量0.05 kg/J（=20 J/kgの比蓄積エネルギー）を暫定採用。一般定数ではなく実リアクトル設計/カタログで要校正。
A269: 261 | B269: DCリアクトル | C269: HTSコイル質量低減率 | D269: k_HTS_Ldc_mass_reduce | E269: 0.8 | F269: - | G269: 技術係数 | H269: M_Ldc_HTS_coil | I269: 冷凍系除外
A270: 262 | B270: HTS | C270: クライオクーラ・断熱容器重量 | D270: m_cryo_HTS_ref | E270: 6.4 | F270: kg | G270: 技術係数 | H270: M_cryo_HTS | I270: 77 K級クライオクーラ基準。Sunpower CryoTel DS30: nominal heat load 32 W @77 K、質量6.4 kg。現行HTS AC損失基準20 Wに対し余裕を持つ基準機。最終的には総冷却負荷で選定。 Source: https://www.sunpowerinc.com/products/stirling-cryocoolers/cryotel-cryocoolers
A271: 263 | B271: HTS | C271: クライオクーラ入力電力 | D271: P_cryo_HTS_ref | E271: 480 | F271: W | G271: 技術係数 | H271: P_cryo_HTS | I271: Sunpower CryoTel DS30のnominal cooler input power 480 Wを採用。最終的には必要冷却能力Qcoldで選定。 Source: https://www.sunpowerinc.com/products/stirling-cryocoolers/cryotel-cryocoolers
A272: 264 | B272: HTS | C272: 電流リード重量 | D272: m_current_lead_HTS_ref | E272: 0.5 | F272: kg | G272: 技術係数 | H272: M_current_lead_HTS | I272: HTS電流リード重量0.5 kgは暫定設計余裕。一般値ではない。電流・温度段・熱侵入設計から再計算が必要。
A273: 265 | B273: HTS | C273: クエンチ保護重量 | D273: m_quench_protection_ref | E273: 0.5 | F273: kg | G273: 技術係数 | H273: M_quench_protection | I273: クエンチ保護重量0.5 kgは暫定設計余裕。一般値ではない。検出回路・ダンプ抵抗・保護スイッチ構成から再計算が必要。
A274: 266 | B274: HTS | C274: HTSリプルAC損失基準 | D274: P_HTS_ac_ref | E274: 20 | F274: W | G274: 技術係数 | H274: AC_loss_HTS_ripple | I274: HTSリプルAC損失20 Wは診断用暫定値。一般値ではない。REBCO線材、磁界角度、電流リプルからAC損失モデルで算出すべき。
A275: 267 | B275: DCリアクトル | C275: 通常導体DCリアクトル抵抗 | D275: R_Ldc | E275: 0.002 | F275: ohm | G275: 設計変数 | H275: P_L_dc | I275: 通常導体Ldcの直流抵抗2 mΩを100 kW級一次設計値として採用。一般値ではない。導体抵抗率、平均巻長、断面積、温度および接続抵抗からRdcを算出して置換する。
A276: 268 | B276: DCリアクトル | C276: 基準DC電流リプル率 | D276: r_Idc_ripple | E276: 0.05 | F276: - | G276: 設計変数 | H276: I_dc_ripple | I276: 基準DC電流リプル率5%を設計要求の初期値として採用。物理定数ではない。電源/負荷要求、CSI転流条件、APD性能から許容リプル率を設定する。
A277: 269 | B277: DCリアクトル | C277: APDによるDCリプル低減率 | D277: k_APD_ripple_reduce | E277: 0.8 | F277: - | G277: 技術係数 | H277: I_dc_ripple | I277: APD採用時にDC電流リプルを80%低減（残存20%）するとする研究シナリオ仮定。一般値ではない。APD制御帯域・蓄積素子・動作点のシミュレーション/実測リプル比で校正する。
A278: 270 | B278: DCリアクトル | C278: APD追加回路重量 | D278: m_APD | E278: 0.3 | F278: kg | G278: 技術係数 | H278: M_APD | I278: APD追加回路重量0.3 kgを100 kW級研究シナリオの一次校正値として採用。一般値ではない。追加スイッチ、C/L、センサ、制御/ゲート、冷却/取付の実BOM重量へ置換する。
... A299: 291 | B299: HTS | C299: HTS AC損失基準リプル電流 | D299: I_dc_ripple_ref_HTS | E299: 6.443299 | F299: A | G299: 設計基準 | H299: AC_loss_HTS_ripple | I299: P_HTS_ac_ref=20 Wの正規化点。100 kW/(800 V×0.97)×5%=6.443 Aから導出した固定基準値。一般定数ではなく、P_HTS_ac_ref更新時は同じ試験/設計点に合わせて更新する。

Sheet 10_シナリオ入力
A1: 10_シナリオ入力：毎回の設計選択を27項目に集約
A4: システム要求とは別に、シナリオごとに設計者が明示的に選択する項目だけを集約しています。01_入力仕様はこの値を自動参照します。
A8: No. | B8: 分類 | C8: 仕様 / 技術パラメータ | D8: 変数 | E8: シナリオ値 | F8: 単位 | G8: 主な影響先 | H8: 備考
A9: 1 | B9: ソフトスイッチング | C9: ソフトスイッチング有効 | D9: Enable_SS | E9: 0 | F9: 0/1 | G9: P_sw低減・追加回路重量増 | H9: 0=無効, 1=有効
A10: 2 | B10: スナバ | C10: スナバ有効 | D10: Enable_snubber | E10: 0 | F10: 0/1 | G10: V_overshoot,P_snub,M_snub | H10: 0=無効、1=有効。Enable_snubberは物理定数ではなくシナリオ選択値。OFF/ON差分で効果を評価する。
A11: 3 | B11: PWM | C11: DPWM有効 | D11: Enable_DPWM | E11: 0 | F11: 0/1 | G11: P_sw,M_DPWM_penalty | H11: 0=無効、1=有効。Enable_DPWMは物理定数ではなくシナリオ選択値。OFF/ON差分で効果を評価する。
A12: 4 | B12: PWM | C12: CM低減PWM有効 | D12: Enable_CM_PWM | E12: 0 | F12: 0/1 | G12: P_sw,M_CM_filter | H12: 0=無効、1=有効。Enable_CM_PWMは物理定数ではなくシナリオ選択値。OFF/ON差分で効果を評価する。
A13: 5 | B13: DCリンクESL | C13: HFローカルデカップリング有効 | D13: Enable_hf_decouple | E13: 0 | F13: 0/1 | G13: V_overshoot,M_hfcap | H13: 0=無効、1=有効。Enable_hf_decoupleは物理定数ではなくシナリオ選択値。OFF/ON差分で効果を評価する。
A14: 6 | B14: dvdtフィルタ | C14: dv/dtフィルタ有効 | D14: Enable_dvdt_filter | E14: 0 | F14: 0/1 | G14: EMI,M_filter | H14: 0=無効、1=有効。Enable_dvdt_filterは物理定数ではなくシナリオ選択値。OFF/ON差分で効果を評価する。
A15: 7 | B15: CMフィルタ | C15: パッシブCMフィルタ有効 | D15: Enable_CM_filter | E15: 0 | F15: 0/1 | G15: M_CM_passive | H15: 0=無効,1=パッシブLC/Y-cap有効
A16: 8 | B16: EMI/構造 | C16: シールド有効 | D16: Enable_shield | E16: 0 | F16: 0/1 | G16: EMI低減/重量増 | H16: 0=無効、1=有効。Enable_shieldは物理定数ではなくシナリオ選択値。OFF/ON差分で効果を評価する。
A17: 9 | B17: 保護 | C17: アクティブクランプ有効 | D17: Enable_active_clamp | E17: 0 | F17: 0/1 | G17: overshoot/M_clamp | H17: 0=無効、1=有効。Enable_active_clampは物理定数ではなくシナリオ選択値。OFF/ON差分で効果を評価する。
A18: 10 | B18: 絶縁 | C18: 高性能絶縁材有効 | D18: Enable_hi_ins | E18: 0 | F18: 0/1 | G18: clearance/M_ins | H18: 0=無効、1=有効。Enable_hi_insは物理定数ではなくシナリオ選択値。OFF/ON差分で効果を評価する。
A19: 11 | B19: 絶縁 | C19: ポッティング有効 | D19: Enable_potting | E19: 0 | F19: 0/1 | G19: clearance/M_pot/Rth | H19: 0=無効、1=有効。Enable_pottingは物理定数ではなくシナリオ選択値。OFF/ON差分で効果を評価する。
A20: 12 | B20: プリチャージ | C20: プリチャージ有効 | D20: Enable_precharge | E20: 1 | F20: 0/1 | G20: contactor/M_precharge | H20: 0=無効、1=有効。Enable_prechargeは物理定数ではなくシナリオ選択値。OFF/ON差分で効果を評価する。
... A35: 27 | B35: 半導体/CSI | C35: 双方向GaN基板管理回路有効 | D35: Enable_BD_GaN_substrate_management | E35: 0 | F35: 0/1 | G35: m_gate/P_loss | H35: dynamic Ron/基板バイアス対策回路の追加重量・損失を評価

Sheet 11_入力分類一覧
A1: 11_入力分類一覧：全入力の参照元と編集頻度
A4: 分類 | B4: 項目数 | D4: 参照元 | E4: 編集頻度 | F4: 役割
A5: システム要求→自動計算 | B5: 24 | D5: 07_システム要求 | E5: シナリオごと | F5: 上位要求
A6: シナリオ固有手入力 | B6: 20 | D6: 10_シナリオ入力 | E6: シナリオごと | F6: 20項目の技術選択
A7: 基準仕様（シナリオ間固定） | B7: 254 | D7: 09_基準仕様 | E7: 原則固定 | F7: 材料・技術基準
A10: 元行 | B10: 分類 | C10: 仕様 | D10: 変数 | E10: 現在値 | F10: 単位 | G10: 新分類 | H10: 参照元 | I10: ユーザー操作 | J10: 旧入力区分 | K10: 感度対象 | L10: 備考
A11: 5 | B11: システム要求 | C11: 定格出力 | D11: P_out | E11: 100 | F11: kW | G11: システム要求→自動計算 | H11: 07_システム要求 | I11: システム要求のみ編集 | J11: 固定要求 | K11: 対象外 | L11: 上位アプリケーションで決定
A12: 6 | B12: 製品仕様 | C12: DCバス電圧 | D12: V_dc | E12: 800 | F12: V | G12: システム要求→自動計算 | H12: 07_システム要求 | I12: システム要求のみ編集 | J12: 設計変数 | K12: 対象 | L12: 変更余地あり
A13: 7 | B13: 製品仕様 | C13: モータ線間電圧RMS | D13: V_ll | E13: 400 | F13: V | G13: システム要求→自動計算 | H13: 07_システム要求 | I13: システム要求のみ編集 | J13: 設計変数 | K13: 対象 | L13: モータ巻線構成等で変更余地
A14: 8 | B14: 製品仕様 | C14: 力率 | D14: PF | E14: 0.95 | F14: - | G14: システム要求→自動計算 | H14: 07_システム要求 | I14: システム要求のみ編集 | J14: 設計変数 | K14: 対象 | L14: モータ/制御で改善余地
A15: 9 | B15: 製品仕様 | C15: インバータ効率 | D15: eta | E15: 0.97 | F15: - | G15: システム要求→自動計算 | H15: 07_システム要求 | I15: システム要求のみ編集 | J15: 設計変数 | K15: 対象 | L15: 簡易扱い
A16: 10 | B16: 製品仕様 | C16: スイッチング周波数 | D16: f_sw | E16: 16000 | F16: Hz | G16: システム要求→自動計算 | H16: 07_システム要求 | I16: システム要求のみ編集 | J16: 設計変数 | K16: 対象 | L16: 主要トレードオフ
A17: 11 | B17: 製品仕様 | C17: 許容DC電圧リップル率 | D17: r_vdc | E17: 0.05 | F17: - | G17: 基準仕様（シナリオ間固定） | H17: 09_基準仕様 | I17: 通常は編集しない | J17: 設計変数 | K17: 対象
A18: 12 | B18: 製品仕様 | C18: DCリンクバッファ時間 | D18: t_buf | E18: 0.0005 | F18: s | G18: 基準仕様（シナリオ間固定） | H18: 09_基準仕様 | I18: 通常は編集しない | J18: 設計変数 | K18: 対象
A19: 13 | B19: 半導体 | C19: パワーモジュール個数 | D19: N_mod | E19: 6 | F19: 個 | G19: 基準仕様（シナリオ間固定） | H19: 09_基準仕様 | I19: 通常は編集しない | J19: 設計変数 | K19: 対象
A20: 14 | B20: 半導体 | C20: DC電圧→必要耐圧係数 | D20: K_vblk | E20: 1.25 | F20: - | G20: 基準仕様（シナリオ間固定） | H20: 09_基準仕様 | I20: 通常は編集しない | J20: 技術係数 | K20: 対象 | L20: サージ/マージン簡略化
A21: 15 | B21: 半導体 | C21: ドリフト層電界利用率 | D21: k_Euse | E21: 0.72 | F21: - | G21: 基準仕様（シナリオ間固定） | H21: 09_基準仕様 | I21: 通常は編集しない | J21: 技術係数 | K21: 対象
A22: 16 | B22: 半導体 | C22: 材料臨界電界 | D22: E_crit | E22: 250000000 | F22: V/m | G22: 基準仕様（シナリオ間固定） | H22: 09_基準仕様 | I22: 通常は編集しない | J22: 材料 | K22: 対象 | L22: SiC簡易値
A23: 17 | B23: 半導体 | C23: ドリフト層厚余裕係数 | D23: K_tdrift | E23: 1.15 | F23: - | G23: 基準仕様（シナリオ間固定） | H23: 09_基準仕様 | I23: 通常は編集しない | J23: 技術係数 | K23: 対象
A24: 18 | B24: 半導体 | C24: 基準ドーピング濃度 | D24: N_d_ref | E24: 8e+21 | F24: 1/m³ | G24: 基準仕様（シナリオ間固定） | H24: 09_基準仕様 | I24: 通常は編集しない | J24: 材料 | K24: 対象 | L24: 説明用
A25: 19 | B25: 半導体 | C25: 耐圧基準 | D25: V_ref_nd | E25: 1200 | F25: V | G25: 基準仕様（シナリオ間固定） | H25: 09_基準仕様 | I25: 通常は編集しない | J25: 技術係数 | K25: 対象
A26: 20 | B26: 半導体 | C26: ドーピング耐圧指数 | D26: a_nd | E26: 1.2 | F26: - | G26: 基準仕様（シナリオ間固定） | H26: 09_基準仕様 | I26: 通常は編集しない | J26: 技術係数 | K26: 対象 | L26: N∝V^-a
A27: 21 | B27: 半導体 | C27: 電子移動度 | D27: mu_n | E27: 0.08 | F27: m²/(V·s) | G27: 基準仕様（シナリオ間固定） | H27: 09_基準仕様 | I27: 通常は編集しない | J27: 材料 | K27: 対象 | L27: 説明用SiC
A28: 22 | B28: 半導体 | C28: 素電荷 | D28: q_e | E28: 1.602e-19 | F28: C | G28: 基準仕様（シナリオ間固定） | H28: 09_基準仕様 | I28: 通常は編集しない | J28: 固定定数 | K28: 対象外 | L28: 物理定数
A29: 23 | B29: 半導体 | C29: 比オン抵抗補正係数 | D29: K_rsp | E29: 1 | F29: - | G29: 基準仕様（シナリオ間固定） | H29: 09_基準仕様 | I29: 通常は編集しない | J29: 技術係数 | K29: 対象
A30: 24 | B30: 半導体 | C30: セル/コンタクト抵抗面積積 | D30: Rsp_cell | E30: 0.0015 | F30: Ω·mm² | G30: 基準仕様（シナリオ間固定） | H30: 09_基準仕様 | I30: 通常は編集しない | J30: 技術係数 | K30: 対象 | L30: 説明用
A31: 25 | B31: 半導体 | C31: チップ面積 | D31: A_chip | E31: 100 | F31: mm² | G31: 基準仕様（シナリオ間固定） | H31: 09_基準仕様 | I31: 通常は編集しない | J31: 設計変数 | K31: 対象 | L31: 主要トレードオフ
A32: 26 | B32: 半導体 | C32: チップ厚さ | D32: t_chip | E32: 0.18 | F32: mm | G32: 基準仕様（シナリオ間固定） | H32: 09_基準仕様 | I32: 通常は編集しない | J32: 設計変数 | K32: 対象
A33: 27 | B33: 半導体 | C33: チップ密度 | D33: rho_chip | E33: 3210 | F33: kg/m³ | G33: 基準仕様（シナリオ間固定） | H33: 09_基準仕様 | I33: 通常は編集しない | J33: 材料 | K33: 対象 | L33: SiC
A34: 28 | B34: 半導体 | C34: 出力容量面積係数 | D34: Coss_area_ref | E34: 0.55 | F34: nF/mm² | G34: 基準仕様（シナリオ間固定） | H34: 09_基準仕様 | I34: 通常は編集しない | J34: 技術係数 | K34: 対象 | L34: 説明用
A35: 29 | B35: 半導体 | C35: 容量耐圧指数 | D35: b_coss | E35: 0.35 | F35: - | G35: 基準仕様（シナリオ間固定） | H35: 09_基準仕様 | I35: 通常は編集しない | J35: 技術係数 | K35: 対象 | L35: Coss∝V^-b
A36: 30 | B36: 半導体 | C36: 容量耐圧基準 | D36: V_ref_coss | E36: 1200 | F36: V | G36: 基準仕様（シナリオ間固定） | H36: 09_基準仕様 | I36: 通常は編集しない | J36: 技術係数 | K36: 対象
A37: 31 | B37: 半導体 | C37: スイッチングエネルギー容量係数 | D37: K_esw | E37: 1 | F37: - | G37: 基準仕様（シナリオ間固定） | H37: 09_基準仕様 | I37: 通常は編集しない | J37: 技術係数 | K37: 対象 | L37: 0.5CV²簡略化
A38: 32 | B38: 半導体 | C38: チップ数係数 | D38: k_chip | E38: 1.25 | F38: - | G38: 基準仕様（シナリオ間固定） | H38: 09_基準仕様 | I38: 通常は編集しない | J38: 技術係数 | K38: 対象
A39: 33 | B39: 半導体 | C39: チップ許容電流密度 | D39: J_chip | E39: 1.15 | F39: A/mm² | G39: 基準仕様（シナリオ間固定） | H39: 09_基準仕様 | I39: 通常は編集しない | J39: 設計変数 | K39: 対象
A40: 34 | B40: 半導体 | C40: チップ有効面積率 | D40: k_active | E40: 0.72 | F40: - | G40: 基準仕様（シナリオ間固定） | H40: 09_基準仕様 | I40: 通常は編集しない | J40: 技術係数 | K40: 対象
A41: 35 | B41: 半導体 | C41: DBC面積 | D41: A_dbc | E41: 4200 | F41: mm² | G41: 基準仕様（シナリオ間固定） | H41: 09_基準仕様 | I41: 通常は編集しない | J41: 設計変数 | K41: 対象
A42: 36 | B42: 半導体 | C42: DBC等価厚さ | D42: t_dbc | E42: 0.92 | F42: mm | G42: 基準仕様（シナリオ間固定） | H42: 09_基準仕様 | I42: 通常は編集しない | J42: 設計変数 | K42: 対象
A43: 37 | B43: 半導体 | C43: DBC等価密度 | D43: rho_dbc | E43: 4000 | F43: kg/m³ | G43: 基準仕様（シナリオ間固定） | H43: 09_基準仕様 | I43: 通常は編集しない | J43: 材料 | K43: 対象
A44: 38 | B44: 半導体 | C44: ベース面積 | D44: A_base | E44: 5000 | F44: mm² | G44: 基準仕様（シナリオ間固定） | H44: 09_基準仕様 | I44: 通常は編集しない | J44: 設計変数 | K44: 対象
A45: 39 | B45: 半導体 | C45: ベース厚さ | D45: t_base | E45: 3 | F45: mm | G45: 基準仕様（シナリオ間固定） | H45: 09_基準仕様 | I45: 通常は編集しない | J45: 設計変数 | K45: 対象
A46: 40 | B46: 半導体 | C46: ベース密度 | D46: rho_base | E46: 2700 | F46: kg/m³ | G46: 基準仕様（シナリオ間固定） | H46: 09_基準仕様 | I46: 通常は編集しない | J46: 材料 | K46: 対象 | L46: Al
A47: 41 | B47: 半導体 | C47: 封止・端子重量/モジュール | D47: m_pkg | E47: 0.075 | F47: kg | G47: 基準仕様（シナリオ間固定） | H47: 09_基準仕様 | I47: 通常は編集しない | J47: 設計変数 | K47: 対象
A48: 42 | B48: 冷却 | C48: 基準熱伝達率 | D48: h_nom | E48: 10000 | F48: W/(m²K) | G48: 基準仕様（シナリオ間固定） | H48: 09_基準仕様 | I48: 通常は編集しない | J48: 技術仕様 | K48: 対象
A49: 43 | B49: 冷却 | C49: 流路形状係数 | D49: k_geom | E49: 0.95 | F49: - | G49: 基準仕様（シナリオ間固定） | H49: 09_基準仕様 | I49: 通常は編集しない | J49: 技術係数 | K49: 対象
A50: 44 | B50: 冷却 | C50: 表面状態係数 | D50: k_surface | E50: 0.95 | F50: - | G50: 基準仕様（シナリオ間固定） | H50: 09_基準仕様 | I50: 通常は編集しない | J50: 技術係数 | K50: 対象
A51: 45 | B51: 冷却 | C51: フィン効率 | D51: k_fin | E51: 0.75 | F51: - | G51: 基準仕様（シナリオ間固定） | H51: 09_基準仕様 | I51: 通常は編集しない | J51: 技術係数 | K51: 対象
A52: 46 | B52: 冷却 | C52: 冷媒流速 | D52: v_cool | E52: 1.5 | F52: m/s | G52: 基準仕様（シナリオ間固定） | H52: 09_基準仕様 | I52: 通常は編集しない | J52: 設計変数 | K52: 対象
A53: 47 | B53: 冷却 | C53: 基準流速 | D53: v_ref | E53: 1 | F53: m/s | G53: 基準仕様（シナリオ間固定） | H53: 09_基準仕様 | I53: 通常は編集しない | J53: 技術係数 | K53: 対象
A54: 48 | B54: 冷却 | C54: 許容冷媒温度上昇 | D54: dT_cool | E54: 20 | F54: K | G54: 基準仕様（シナリオ間固定） | H54: 09_基準仕様 | I54: 通常は編集しない | J54: 設計変数 | K54: 対象
A55: 49 | B55: 冷却 | C55: 熱交換器等価厚さ | D55: t_hx_eq | E55: 0.006 | F55: m | G55: 基準仕様（シナリオ間固定） | H55: 09_基準仕様 | I55: 通常は編集しない | J55: 設計変数 | K55: 対象
A56: 50 | B56: 冷却 | C56: 熱交換器等価密度 | D56: rho_hx | E56: 850 | F56: kg/m³ | G56: 基準仕様（シナリオ間固定） | H56: 09_基準仕様 | I56: 通常は編集しない | J56: 材料 | K56: 対象
A57: 51 | B57: 冷却 | C57: 熱設計マージン | D57: K_th | E57: 1.2 | F57: - | G57: 基準仕様（シナリオ間固定） | H57: 09_基準仕様 | I57: 通常は編集しない | J57: 技術係数 | K57: 対象
A58: 52 | B58: 冷却 | C58: 冷却補機固定重量 | D58: m_cool_fix | E58: 0.35 | F58: kg | G58: 基準仕様（シナリオ間固定） | H58: 09_基準仕様 | I58: 通常は編集しない | J58: 設計変数 | K58: 対象
... A65: 59 | B65: バスバー | C65: 許容導体温度 | D65: T_bus_max | E65: 105 | F65: °C | G65: 基準仕様（シナリオ間固定） | H65: 09_基準仕様 | I65: 通常は編集しない | J65: 設計変数 | K65: 対象
A66: 60 | B66: バスバー | C66: 周囲温度 | D66: T_amb | E66: 45 | F66: °C | G66: システム要求→自動計算 | H66: 07_システム要求 | I66: システム要求のみ編集 | J66: 外部条件 | K66: 対象 | L66: 外部条件
A67: 61 | B67: バスバー | C67: 基準温度上昇 | D67: dT_bus_ref | E67: 60 | F67: K | G67: 基準仕様（シナリオ間固定） | H67: 09_基準仕様 | I67: 通常は編集しない | J67: 技術係数 | K67: 対象
A68: 62 | B68: バスバー | C68: 放熱改善係数 | D68: k_bus_cool | E68: 1 | F68: - | G68: 基準仕様（シナリオ間固定） | H68: 09_基準仕様 | I68: 通常は編集しない | J68: 技術係数 | K68: 対象
A69: 63 | B69: バスバー | C69: 導体総長 | D69: L_bus | E69: 1.2 | F69: m | G69: 基準仕様（シナリオ間固定） | H69: 09_基準仕様 | I69: 通常は編集しない | J69: 設計変数 | K69: 対象
A70: 64 | B70: バスバー | C70: 導体本数係数 | D70: N_bus | E70: 2 | F70: - | G70: 基準仕様（シナリオ間固定） | H70: 09_基準仕様 | I70: 通常は編集しない | J70: 設計係数 | K70: 対象
A71: 65 | B71: バスバー | C71: 導体密度 | D71: rho_bus | E71: 8960 | F71: kg/m³ | G71: 基準仕様（シナリオ間固定） | H71: 09_基準仕様 | I71: 通常は編集しない | J71: 材料 | K71: 対象 | L71: Cu
A72: 66 | B72: バスバー | C72: 絶縁・支持係数 | D72: K_bus | E72: 1.18 | F72: - | G72: 基準仕様（シナリオ間固定） | H72: 09_基準仕様 | I72: 通常は編集しない | J72: 技術係数 | K72: 対象
A73: 67 | B73: 筐体 | C73: 筐体長さ | D73: L_case | E73: 0.45 | F73: m | G73: 基準仕様（シナリオ間固定） | H73: 09_基準仕様 | I73: 通常は編集しない | J73: 設計変数 | K73: 対象
A74: 68 | B74: 筐体 | C74: 筐体幅 | D74: W_case | E74: 0.3 | F74: m | G74: 基準仕様（シナリオ間固定） | H74: 09_基準仕様 | I74: 通常は編集しない | J74: 設計変数 | K74: 対象
A75: 69 | B75: 筐体 | C75: 筐体高さ | D75: H_case | E75: 0.15 | F75: m | G75: 基準仕様（シナリオ間固定） | H75: 09_基準仕様 | I75: 通常は編集しない | J75: 設計変数 | K75: 対象
A76: 70 | B76: 筐体 | C76: 平均板厚 | D76: t_case | E76: 0.0018 | F76: m | G76: 基準仕様（シナリオ間固定） | H76: 09_基準仕様 | I76: 通常は編集しない | J76: 設計変数 | K76: 対象
A77: 71 | B77: 筐体 | C77: 材料密度 | D77: rho_case | E77: 2700 | F77: kg/m³ | G77: 基準仕様（シナリオ間固定） | H77: 09_基準仕様 | I77: 通常は編集しない | J77: 材料 | K77: 対象 | L77: Al
A78: 72 | B78: 筐体 | C78: 開口率 | D78: r_open | E78: 0.18 | F78: - | G78: 基準仕様（シナリオ間固定） | H78: 09_基準仕様 | I78: 通常は編集しない | J78: 設計変数 | K78: 対象
A79: 73 | B79: 筐体 | C79: リブ増加係数 | D79: K_rib | E79: 1.08 | F79: - | G79: 基準仕様（シナリオ間固定） | H79: 09_基準仕様 | I79: 通常は編集しない | J79: 技術係数 | K79: 対象
A80: 74 | B80: 筐体 | C80: 製造余裕係数 | D80: K_mfg | E80: 1.02 | F80: - | G80: 基準仕様（シナリオ間固定） | H80: 09_基準仕様 | I80: 通常は編集しない | J80: 技術係数 | K80: 対象
A81: 75 | B81: EMI | C81: DMノイズ等価電圧 | D81: V_noise | E81: 60 | F81: V | G81: 基準仕様（シナリオ間固定） | H81: 09_基準仕様 | I81: 通常は編集しない | J81: 技術仕様 | K81: 対象
A82: 76 | B82: EMI | C82: 許容電流リップル率 | D82: r_Iemi | E82: 0.1 | F82: - | G82: 基準仕様（シナリオ間固定） | H82: 09_基準仕様 | I82: 通常は編集しない | J82: 設計変数 | K82: 対象
A83: 77 | B83: EMI | C83: フィルタ遮断周波数係数 | D83: k_fc | E83: 0.1 | F83: - | G83: 基準仕様（シナリオ間固定） | H83: 09_基準仕様 | I83: 通常は編集しない | J83: 設計変数 | K83: 対象 | L83: 主要トレードオフ
A84: 78 | B84: EMI | C84: インダクタ重量係数 | D84: k_mL | E84: 40 | F84: kg/(H·kA²) | G84: 基準仕様（シナリオ間固定） | H84: 09_基準仕様 | I84: 通常は編集しない | J84: 技術係数 | K84: 対象 | L84: 簡易係数
A85: 79 | B85: EMI | C85: ノイズ電流係数 | D85: r_noise | E85: 0.08 | F85: - | G85: 基準仕様（シナリオ間固定） | H85: 09_基準仕様 | I85: 通常は編集しない | J85: 技術係数 | K85: 対象
A86: 80 | B86: EMI | C86: 許容電圧リップル率 | D86: r_Vemi | E86: 0.02 | F86: - | G86: 基準仕様（シナリオ間固定） | H86: 09_基準仕様 | I86: 通常は編集しない | J86: 設計変数 | K86: 対象
A87: 81 | B87: EMI | C87: コンデンサ重量係数 | D87: k_mC | E87: 0.18 | F87: kg/(F·kV²) | G87: 基準仕様（シナリオ間固定） | H87: 09_基準仕様 | I87: 通常は編集しない | J87: 技術係数 | K87: 対象 | L87: 簡易係数
A88: 82 | B88: 固定重量 | C88: 制御・ゲート回路重量 | D88: m_ctrl | E88: 0.45 | F88: kg | G88: 基準仕様（シナリオ間固定） | H88: 09_基準仕様 | I88: 通常は編集しない | J88: 参考値 | K88: 対象外
A89: 83 | B89: 固定重量 | C89: センサ重量 | D89: m_sensor | E89: 0.28 | F89: kg | G89: 基準仕様（シナリオ間固定） | H89: 09_基準仕様 | I89: 通常は編集しない | J89: 参考値 | K89: 対象外
A90: 84 | B90: 固定重量 | C90: 端子・コネクタ重量 | D90: m_conn | E90: 0.42 | F90: kg | G90: 基準仕様（シナリオ間固定） | H90: 09_基準仕様 | I90: 通常は編集しない | J90: 参考値 | K90: 対象外
A91: 85 | B91: 固定重量 | C91: その他固定重量 | D91: m_other | E91: 0.5 | F91: kg | G91: 基準仕様（シナリオ間固定） | H91: 09_基準仕様 | I91: 通常は編集しない | J91: 参考値 | K91: 対象外
A92: 86 | B92: 半導体 | C92: 並列数 | D92: N_parallel | E92: 3 | F92: - | G92: システム要求→自動計算 | H92: 07_システム要求 | I92: 通常は直接編集しない | J92: 設計変数 | K92: 対象 | L92: 1=現状、2=2並列
A93: 87 | B93: 半導体 | C93: 並列1系統あたり追加重量 | D93: m_parallel_unit | E93: 0.035 | F93: kg/系統 | G93: 基準仕様（シナリオ間固定） | H93: 09_基準仕様 | I93: 通常は編集しない | J93: 技術係数 | K93: 対象 | L93: ゲート/端子/チップ等の等価重量
A94: 88 | B94: ソフトスイッチング | C94: ソフトスイッチング有効 | D94: Enable_SS | E94: 0 | F94: 0/1 | G94: シナリオ固有手入力 | H94: 10_シナリオ入力 | I94: 必要に応じて編集 | J94: 技術選択 | K94: 対象 | L94: 0=無効, 1=有効
A95: 89 | B95: ソフトスイッチング | C95: 有効時SW損失残存率 | D95: k_ss_residual | E95: 0.25 | F95: - | G95: 基準仕様（シナリオ間固定） | H95: 09_基準仕様 | I95: 通常は編集しない | J95: 技術係数 | K95: 対象 | L95: 有効時25%残存の簡易例
A96: 90 | B96: ソフトスイッチング | C96: 補助スイッチ数 | D96: N_aux_ss | E96: 2 | F96: 個 | G96: 基準仕様（シナリオ間固定） | H96: 09_基準仕様 | I96: 通常は編集しない | J96: 技術仕様 | K96: 対象
A97: 91 | B97: ソフトスイッチング | C97: 補助スイッチ単体重量 | D97: m_aux_ss | E97: 0.045 | F97: kg/個 | G97: 基準仕様（シナリオ間固定） | H97: 09_基準仕様 | I97: 通常は編集しない | J97: 技術仕様 | K97: 対象
A98: 92 | B98: ソフトスイッチング | C98: 共振L設計係数 | D98: k_Lr | E98: 0.18 | F98: - | G98: 基準仕様（シナリオ間固定） | H98: 09_基準仕様 | I98: 通常は編集しない | J98: 技術係数 | K98: 対象
A99: 93 | B99: ソフトスイッチング | C99: 共振C設計係数 | D99: k_Cr | E99: 0.18 | F99: - | G99: 基準仕様（シナリオ間固定） | H99: 09_基準仕様 | I99: 通常は編集しない | J99: 技術係数 | K99: 対象
A100: 94 | B100: ソフトスイッチング | C100: 共振L重量係数 | D100: k_mLr | E100: 18 | F100: kg/(H·kA²) | G100: 基準仕様（シナリオ間固定） | H100: 09_基準仕様 | I100: 通常は編集しない | J100: 技術係数 | K100: 対象 | L100: 簡易係数
A101: 95 | B101: ソフトスイッチング | C101: 共振C重量係数 | D101: k_mCr | E101: 0.22 | F101: kg/(F·kV²) | G101: 基準仕様（シナリオ間固定） | H101: 09_基準仕様 | I101: 通常は編集しない | J101: 技術係数 | K101: 対象 | L101: 簡易係数
A102: 96 | B102: ソフトスイッチング | C102: 追加制御回路重量 | D102: m_ctrl_ss | E102: 0.08 | F102: kg | G102: 基準仕様（シナリオ間固定） | H102: 09_基準仕様 | I102: 通常は編集しない | J102: 技術仕様 | K102: 対象
A103: 97 | B103: DBC | C103: DBC長さ | D103: L_dbc | E103: 0.07 | F103: m | G103: 基準仕様（シナリオ間固定） | H103: 09_基準仕様 | I103: 通常は編集しない | J103: 設計変数 | K103: 対象
A104: 98 | B104: DBC | C104: DBC幅 | D104: W_dbc | E104: 0.06 | F104: m | G104: 基準仕様（シナリオ間固定） | H104: 09_基準仕様 | I104: 通常は編集しない | J104: 設計変数 | K104: 対象
A105: 99 | B105: DBC | C105: 上銅厚 | D105: t_cu_top | E105: 0.3 | F105: mm | G105: 基準仕様（シナリオ間固定） | H105: 09_基準仕様 | I105: 通常は編集しない | J105: 設計変数 | K105: 対象
A106: 100 | B106: DBC | C106: セラミック厚 | D106: t_cer | E106: 0.32 | F106: mm | G106: 基準仕様（シナリオ間固定） | H106: 09_基準仕様 | I106: 通常は編集しない | J106: 設計変数 | K106: 対象
A107: 101 | B107: DBC | C107: 下銅厚 | D107: t_cu_bot | E107: 0.3 | F107: mm | G107: 基準仕様（シナリオ間固定） | H107: 09_基準仕様 | I107: 通常は編集しない | J107: 設計変数 | K107: 対象
A108: 102 | B108: DBC | C108: 銅密度 | D108: rho_cu | E108: 8960 | F108: kg/m³ | G108: 基準仕様（シナリオ間固定） | H108: 09_基準仕様 | I108: 通常は編集しない | J108: 材料 | K108: 対象
A109: 103 | B109: DBC | C109: セラミック密度 | D109: rho_cer | E109: 3260 | F109: kg/m³ | G109: 基準仕様（シナリオ間固定） | H109: 09_基準仕様 | I109: 通常は編集しない | J109: 材料 | K109: 対象 | L109: AlN/Al2O3等価例
A110: 104 | B110: ベース | C110: ベース長さ | D110: L_base | E110: 0.08 | F110: m | G110: 基準仕様（シナリオ間固定） | H110: 09_基準仕様 | I110: 通常は編集しない | J110: 設計変数 | K110: 対象
...

Sheet 14_研究要素評価
A1: 研究ID | B1: 研究要素（パワエレ技術者向け説明名） | C1: 研究目的 | D1: 影響変数数 | E1: 重量低減ポテンシャル [kg-eq] | F1: 出口戦略指数 [0-100] | G1: 重量低減ポテンシャル順位 | H1: 参照状態／注意 | I1: 参照済変数数 | J1: モデル接続率 | K1: モデル化状態 | L1: 研究カテゴリ | M1: 主適用領域 | N1: 代表文献ID
A2: R001 | B2: 高耐圧・低オン抵抗・低出力容量を両立する次世代パワー半導体 | C2: 高Vdc化で増える耐圧・導通損失・スイッチング損失の重量ペナルティを抑える | D2: =COUNTIF('15_研究変数マップ'!$A$2:$A$189,A2) -> 5 | E2: =SUMIF('15_研究変数マップ'!$A$2:$A$189,A2,'15_研究変数マップ'!$H$2:$H$189) -> 4 | F2: =IF(MAX($D$2:$D$41)=0,0,D2/MAX($D$2:$D$41)*100) -> 25 | G2: =IF(E2="","",_xludf.RANK.EQ(E2,$E$2:$E$41,0)) -> #NAME? | H2: 数値は15_研究変数マップを参照。kg-eqは局所感度ベースのスクリーニング値であり、実Δkgではない。 | I2: =COUNTIFS('15_研究変数マップ'!$A$2:$A$189,A2,'15_研究変数マップ'!$I$2:$I$189,"参照済") -> 5 | J2: =IF(D2=0,0,I2/D2) -> 1 | K2: =IF(I2=0,"未接続",IF(I2<D2,"部分接続","接続済")) -> 接続済 | L2: 既存研究要素 | M2: 既存版で定義
A3: R002 | B3: 低寄生インダクタンスのパワーループ・積層配線一体実装 | C3: 寄生L低減でオーバーシュート・耐圧マージン・スナバ/EMI対策重量を同時低減 | D3: =COUNTIF('15_研究変数マップ'!$A$2:$A$189,A3) -> 5 | E3: =SUMIF('15_研究変数マップ'!$A$2:$A$189,A3,'15_研究変数マップ'!$H$2:$H$189) -> 0 | F3: =IF(MAX($D$2:$D$41)=0,0,D3/MAX($D$2:$D$41)*100) -> 25 | G3: =IF(E3="","",_xludf.RANK.EQ(E3,$E$2:$E$41,0)) -> #NAME? | H3: 数値は15_研究変数マップを参照。kg-eqは局所感度ベースのスクリーニング値であり、実Δkgではない。 | I3: =COUNTIFS('15_研究変数マップ'!$A$2:$A$189,A3,'15_研究変数マップ'!$I$2:$I$189,"参照済") -> 5 | J3: =IF(D3=0,0,I3/D3) -> 1 | K3: =IF(I3=0,"未接続",IF(I3<D3,"部分接続","接続済")) -> 接続済 | L3: 既存研究要素 | M3: 既存版で定義
A4: R003 | B4: スイッチング損失とdv/dt・EMIを両立するアクティブゲート制御 | C4: ゲート波形を動的最適化し、スイッチング損失低減とEMI/過電圧抑制を両立 | D4: =COUNTIF('15_研究変数マップ'!$A$2:$A$189,A4) -> 6 | E4: =SUMIF('15_研究変数マップ'!$A$2:$A$189,A4,'15_研究変数マップ'!$H$2:$H$189) -> 2 | F4: =IF(MAX($D$2:$D$41)=0,0,D4/MAX($D$2:$D$41)*100) -> 30 | G4: =IF(E4="","",_xludf.RANK.EQ(E4,$E$2:$E$41,0)) -> #NAME? | H4: 数値は15_研究変数マップを参照。kg-eqは局所感度ベースのスクリーニング値であり、実Δkgではない。 | I4: =COUNTIFS('15_研究変数マップ'!$A$2:$A$189,A4,'15_研究変数マップ'!$I$2:$I$189,"参照済") -> 6 | J4: =IF(D4=0,0,I4/D4) -> 1 | K4: =IF(I4=0,"未接続",IF(I4<D4,"部分接続","接続済")) -> 接続済 | L4: 既存研究要素 | M4: 既存版で定義
A5: R004 | B5: 追加回路重量を抑えたソフトスイッチング・部分共振転流 | C5: 高f_sw・高Vdcで増えるスイッチング損失を抑え、冷却器軽量化余地を拡大 | D5: =COUNTIF('15_研究変数マップ'!$A$2:$A$189,A5) -> 4 | E5: =SUMIF('15_研究変数マップ'!$A$2:$A$189,A5,'15_研究変数マップ'!$H$2:$H$189) -> 2 | F5: =IF(MAX($D$2:$D$41)=0,0,D5/MAX($D$2:$D$41)*100) -> 20 | G5: =IF(E5="","",_xludf.RANK.EQ(E5,$E$2:$E$41,0)) -> #NAME? | H5: 数値は15_研究変数マップを参照。kg-eqは局所感度ベースのスクリーニング値であり、実Δkgではない。 | I5: =COUNTIFS('15_研究変数マップ'!$A$2:$A$189,A5,'15_研究変数マップ'!$I$2:$I$189,"参照済") -> 4 | J5: =IF(D5=0,0,I5/D5) -> 1 | K5: =IF(I5=0,"未接続",IF(I5<D5,"部分接続","接続済")) -> 接続済 | L5: 既存研究要素 | M5: 既存版で定義
A6: R005 | B6: 高エネルギー密度・高リプル電流耐量DCリンクコンデンサ | C6: 容量・耐圧・リプル電流要求に対するDCリンクコンデンサ重量を低減 | D6: =COUNTIF('15_研究変数マップ'!$A$2:$A$189,A6) -> 3 | E6: =SUMIF('15_研究変数マップ'!$A$2:$A$189,A6,'15_研究変数マップ'!$H$2:$H$189) -> 1 | F6: =IF(MAX($D$2:$D$41)=0,0,D6/MAX($D$2:$D$41)*100) -> 15 | G6: =IF(E6="","",_xludf.RANK.EQ(E6,$E$2:$E$41,0)) -> #NAME? | H6: 数値は15_研究変数マップを参照。kg-eqは局所感度ベースのスクリーニング値であり、実Δkgではない。 | I6: =COUNTIFS('15_研究変数マップ'!$A$2:$A$189,A6,'15_研究変数マップ'!$I$2:$I$189,"参照済") -> 3 | J6: =IF(D6=0,0,I6/D6) -> 1 | K6: =IF(I6=0,"未接続",IF(I6<D6,"部分接続","接続済")) -> 接続済 | L6: 既存研究要素 | M6: 既存版で定義
A7: R006 | B7: 低熱抵抗・低圧損・軽量を両立する高性能冷却構造 | C7: 冷却性能向上時のポンプ/流路/構造重量増を抑え、高温化・高密度化を可能にする | D7: =COUNTIF('15_研究変数マップ'!$A$2:$A$189,A7) -> 5 | E7: =SUMIF('15_研究変数マップ'!$A$2:$A$189,A7,'15_研究変数マップ'!$H$2:$H$189) -> 4 | F7: =IF(MAX($D$2:$D$41)=0,0,D7/MAX($D$2:$D$41)*100) -> 25 | G7: =IF(E7="","",_xludf.RANK.EQ(E7,$E$2:$E$41,0)) -> #NAME? | H7: 数値は15_研究変数マップを参照。kg-eqは局所感度ベースのスクリーニング値であり、実Δkgではない。 | I7: =COUNTIFS('15_研究変数マップ'!$A$2:$A$189,A7,'15_研究変数マップ'!$I$2:$I$189,"参照済") -> 5 | J7: =IF(D7=0,0,I7/D7) -> 1 | K7: =IF(I7=0,"未接続",IF(I7<D7,"部分接続","接続済")) -> 接続済 | L7: 既存研究要素 | M7: 既存版で定義
A8: R007 | B8: 高熱伝導・高絶縁・高強度を両立する薄型絶縁基板・接合材 | C8: DBC/AMB/セラミック薄肉化と熱抵抗・絶縁信頼性・機械強度を両立 | D8: =COUNTIF('15_研究変数マップ'!$A$2:$A$189,A8) -> 5 | E8: =SUMIF('15_研究変数マップ'!$A$2:$A$189,A8,'15_研究変数マップ'!$H$2:$H$189) -> 1 | F8: =IF(MAX($D$2:$D$41)=0,0,D8/MAX($D$2:$D$41)*100) -> 25 | G8: =IF(E8="","",_xludf.RANK.EQ(E8,$E$2:$E$41,0)) -> #NAME? | H8: 数値は15_研究変数マップを参照。kg-eqは局所感度ベースのスクリーニング値であり、実Δkgではない。 | I8: =COUNTIFS('15_研究変数マップ'!$A$2:$A$189,A8,'15_研究変数マップ'!$I$2:$I$189,"参照済") -> 5 | J8: =IF(D8=0,0,I8/D8) -> 1 | K8: =IF(I8=0,"未接続",IF(I8<D8,"部分接続","接続済")) -> 接続済 | L8: 既存研究要素 | M8: 既存版で定義
A9: R008 | B9: 高周波・高電圧対応の低損失磁性材と平面磁気部品 | C9: 高f_swによる受動部品小型化を活かし、鉄損・銅損・絶縁・EMI増加を抑える | D9: =COUNTIF('15_研究変数マップ'!$A$2:$A$189,A9) -> 3 | E9: =SUMIF('15_研究変数マップ'!$A$2:$A$189,A9,'15_研究変数マップ'!$H$2:$H$189) -> 2 | F9: =IF(MAX($D$2:$D$41)=0,0,D9/MAX($D$2:$D$41)*100) -> 15 | G9: =IF(E9="","",_xludf.RANK.EQ(E9,$E$2:$E$41,0)) -> #NAME? | H9: 数値は15_研究変数マップを参照。kg-eqは局所感度ベースのスクリーニング値であり、実Δkgではない。 | I9: =COUNTIFS('15_研究変数マップ'!$A$2:$A$189,A9,'15_研究変数マップ'!$I$2:$I$189,"参照済") -> 2 | J9: =IF(D9=0,0,I9/D9) -> 0.66666667 | K9: =IF(I9=0,"未接続",IF(I9<D9,"部分接続","接続済")) -> 部分接続 | L9: 既存研究要素 | M9: 既存版で定義
A10: R009 | B10: 低抵抗・低寄生L・軽量を両立するバスバー／導体構造 | C10: 大電流導体重量、交流抵抗、寄生L、絶縁距離のトレードオフを緩和 | D10: =COUNTIF('15_研究変数マップ'!$A$2:$A$189,A10) -> 5 | E10: =SUMIF('15_研究変数マップ'!$A$2:$A$189,A10,'15_研究変数マップ'!$H$2:$H$189) -> 2 | F10: =IF(MAX($D$2:$D$41)=0,0,D10/MAX($D$2:$D$41)*100) -> 25 | G10: =IF(E10="","",_xludf.RANK.EQ(E10,$E$2:$E$41,0)) -> #NAME? | H10: 数値は15_研究変数マップを参照。kg-eqは局所感度ベースのスクリーニング値であり、実Δkgではない。 | I10: =COUNTIFS('15_研究変数マップ'!$A$2:$A$189,A10,'15_研究変数マップ'!$I$2:$I$189,"参照済") -> 5 | J10: =IF(D10=0,0,I10/D10) -> 1 | K10: =IF(I10=0,"未接続",IF(I10<D10,"部分接続","接続済")) -> 接続済 | L10: 既存研究要素 | M10: 既存版で定義
A11: R010 | B11: 軽量・高耐電圧・高熱伝導の絶縁材料／ポッティング構造 | C11: 高Vdcで増える沿面/空間距離と絶縁材料重量を抑え、同時に放熱性能を高める | D11: =COUNTIF('15_研究変数マップ'!$A$2:$A$189,A11) -> 4 | E11: =SUMIF('15_研究変数マップ'!$A$2:$A$189,A11,'15_研究変数マップ'!$H$2:$H$189) -> 3 | F11: =IF(MAX($D$2:$D$41)=0,0,D11/MAX($D$2:$D$41)*100) -> 20 | G11: =IF(E11="","",_xludf.RANK.EQ(E11,$E$2:$E$41,0)) -> #NAME? | H11: 数値は15_研究変数マップを参照。kg-eqは局所感度ベースのスクリーニング値であり、実Δkgではない。 | I11: =COUNTIFS('15_研究変数マップ'!$A$2:$A$189,A11,'15_研究変数マップ'!$I$2:$I$189,"参照済") -> 4 | J11: =IF(D11=0,0,I11/D11) -> 1 | K11: =IF(I11=0,"未接続",IF(I11<D11,"部分接続","接続済")) -> 接続済 | L11: 既存研究要素 | M11: 既存版で定義
A12: R011 | B12: EMI発生源抑制とCM/DMフィルタ統合によるEMI対策軽量化 | C12: Vdc・f_sw・dv/dt上昇時のEMI対策重量を源流抑制と受動部品統合で低減 | D12: =COUNTIF('15_研究変数マップ'!$A$2:$A$189,A12) -> 6 | E12: =SUMIF('15_研究変数マップ'!$A$2:$A$189,A12,'15_研究変数マップ'!$H$2:$H$189) -> 3 | F12: =IF(MAX($D$2:$D$41)=0,0,D12/MAX($D$2:$D$41)*100) -> 30 | G12: =IF(E12="","",_xludf.RANK.EQ(E12,$E$2:$E$41,0)) -> #NAME? | H12: 数値は15_研究変数マップを参照。kg-eqは局所感度ベースのスクリーニング値であり、実Δkgではない。 | I12: =COUNTIFS('15_研究変数マップ'!$A$2:$A$189,A12,'15_研究変数マップ'!$I$2:$I$189,"参照済") -> 5 | J12: =IF(D12=0,0,I12/D12) -> 0.83333333 | K12: =IF(I12=0,"未接続",IF(I12<D12,"部分接続","接続済")) -> 部分接続 | L12: 既存研究要素 | M12: 既存版で定義
A13: R012 | B13: コモンモード電圧・高調波を抑えるPWM／変調最適化 | C13: 変調最適化でEMI・モータストレスを下げ、受動対策部品を軽量化 | D13: =COUNTIF('15_研究変数マップ'!$A$2:$A$189,A13) -> 4 | E13: =SUMIF('15_研究変数マップ'!$A$2:$A$189,A13,'15_研究変数マップ'!$H$2:$H$189) -> 2 | F13: =IF(MAX($D$2:$D$41)=0,0,D13/MAX($D$2:$D$41)*100) -> 20 | G13: =IF(E13="","",_xludf.RANK.EQ(E13,$E$2:$E$41,0)) -> #NAME? | H13: 数値は15_研究変数マップを参照。kg-eqは局所感度ベースのスクリーニング値であり、実Δkgではない。 | I13: =COUNTIFS('15_研究変数マップ'!$A$2:$A$189,A13,'15_研究変数マップ'!$I$2:$I$189,"参照済") -> 4 | J13: =IF(D13=0,0,I13/D13) -> 1 | K13: =IF(I13=0,"未接続",IF(I13<D13,"部分接続","接続済")) -> 接続済 | L13: 既存研究要素 | M13: 既存版で定義
... A17: R016 | B17: インバータ・ケーブル・モータ協調によるdv/dt・反射過電圧・EMI抑制 | C17: 外付けフィルタだけに頼らず、システム一体設計で高Vdc/高速スイッチングを成立させる | D17: =COUNTIF('15_研究変数マップ'!$A$2:$A$189,A17) -> 4 | E17: =SUMIF('15_研究変数マップ'!$A$2:$A$189,A17,'15_研究変数マップ'!$H$2:$H$189) -> -1 | F17: =IF(MAX($D$2:$D$41)=0,0,D17/MAX($D$2:$D$41)*100) -> 20 | G17: =IF(E17="","",_xludf.RANK.EQ(E17,$E$2:$E$41,0)) -> #NAME? | H17: 数値は15_研究変数マップを参照。kg-eqは局所感度ベースのスクリーニング値であり、実Δkgではない。 | I17: =COUNTIFS('15_研究変数マップ'!$A$2:$A$189,A17,'15_研究変数マップ'!$I$2:$I$189,"参照済") -> 4 | J17: =IF(D17=0,0,I17/D17) -> 1 | K17: =IF(I17=0,"未接続",IF(I17<D17,"部分接続","接続済")) -> 接続済 | L17: 既存研究要素 | M17: 既存版で定義
A18: R017 | B18: 大電力・高電圧モータドライブ向けWBG電流型インバータ（CSI） | C18: VSIの大きなdv/dt・CMV・電流リプルをCSIの準正弦波出力で抑え、モータ損失と出力EMI対策を低減する | D18: =COUNTIF('15_研究変数マップ'!$A$2:$A$189,A18) -> 6 | E18: =SUMIF('15_研究変数マップ'!$A$2:$A$189,A18,'15_研究変数マップ'!$H$2:$H$189) -> -2 | F18: =IF(MAX($D$2:$D$41)=0,0,D18/MAX($D$2:$D$41)*100) -> 30 | G18: =IF(E18="","",_xludf.RANK.EQ(E18,$E$2:$E$41,0)) -> #NAME? | H18: 数値は15_研究変数マップを参照。kg-eqは局所感度ベースのスクリーニング値であり、実Δkgではない。 | I18: =COUNTIFS('15_研究変数マップ'!$A$2:$A$189,A18,'15_研究変数マップ'!$I$2:$I$189,"参照済") -> 4 | J18: =IF(D18=0,0,I18/D18) -> 0.66666667 | K18: =IF(I18=0,"未接続",IF(I18<D18,"部分接続","接続済")) -> 部分接続 | L18: 回路トポロジー | M18: MW級・中高圧、長ケーブル、高速低Lモータ | N18: S01,S02
A19: R018 | B19: CSI直流リンクインダクタの高温超電導（HTS）化 | C19: CSI最大の重量要因である直流リンクLを高電流密度HTSコイル化し、CSIのEMI/モータ損失低減メリットを残したまま直流リアクトル重量を削減する | D19: =COUNTIF('15_研究変数マップ'!$A$2:$A$189,A19) -> 6 | E19: =SUMIF('15_研究変数マップ'!$A$2:$A$189,A19,'15_研究変数マップ'!$H$2:$H$189) -> 0 | F19: =IF(MAX($D$2:$D$41)=0,0,D19/MAX($D$2:$D$41)*100) -> 30 | G19: =IF(E19="","",_xludf.RANK.EQ(E19,$E$2:$E$41,0)) -> #NAME? | H19: 数値は15_研究変数マップを参照。kg-eqは局所感度ベースのスクリーニング値であり、実Δkgではない。 | I19: =COUNTIFS('15_研究変数マップ'!$A$2:$A$189,A19,'15_研究変数マップ'!$I$2:$I$189,"参照済") -> 5 | J19: =IF(D19=0,0,I19/D19) -> 0.83333333 | K19: =IF(I19=0,"未接続",IF(I19<D19,"部分接続","接続済")) -> 部分接続 | L19: 超電導＋CSI | M19: MW級・高電圧、連続高電流 | N19: S03,S04,S05
A20: R019 | B20: フロントエンドDCDCを不要化する単段CSI・直流電流直接制御 | C20: CSIで一般的な直流電流形成用前段コンバータを制御・回路統合で削減し、部品数・損失・重量を低減する | D20: =COUNTIF('15_研究変数マップ'!$A$2:$A$189,A20) -> 4 | E20: =SUMIF('15_研究変数マップ'!$A$2:$A$189,A20,'15_研究変数マップ'!$H$2:$H$189) -> 0 | F20: =IF(MAX($D$2:$D$41)=0,0,D20/MAX($D$2:$D$41)*100) -> 20 | G20: =IF(E20="","",_xludf.RANK.EQ(E20,$E$2:$E$41,0)) -> #NAME? | H20: 数値は15_研究変数マップを参照。kg-eqは局所感度ベースのスクリーニング値であり、実Δkgではない。 | I20: =COUNTIFS('15_研究変数マップ'!$A$2:$A$189,A20,'15_研究変数マップ'!$I$2:$I$189,"参照済") -> 4 | J20: =IF(D20=0,0,I20/D20) -> 1 | K20: =IF(I20=0,"未接続",IF(I20<D20,"部分接続","接続済")) -> 接続済 | L20: CSI回路 | M20: DC電源直結モータドライブ | N20: S06
A21: R020 | B21: アクティブパワーデカップリング／スイッチングセルCSIによる直流リンクL小型化 | C21: 低周波リプル電力を能動的に分離し、CSI直流リンクインダクタ必要値を小さくする | D21: =COUNTIF('15_研究変数マップ'!$A$2:$A$189,A21) -> 4 | E21: =SUMIF('15_研究変数マップ'!$A$2:$A$189,A21,'15_研究変数マップ'!$H$2:$H$189) -> 0 | F21: =IF(MAX($D$2:$D$41)=0,0,D21/MAX($D$2:$D$41)*100) -> 20 | G21: =IF(E21="","",_xludf.RANK.EQ(E21,$E$2:$E$41,0)) -> #NAME? | H21: 数値は15_研究変数マップを参照。kg-eqは局所感度ベースのスクリーニング値であり、実Δkgではない。 | I21: =COUNTIFS('15_研究変数マップ'!$A$2:$A$189,A21,'15_研究変数マップ'!$I$2:$I$189,"参照済") -> 4 | J21: =IF(D21=0,0,I21/D21) -> 1 | K21: =IF(I21=0,"未接続",IF(I21<D21,"部分接続","接続済")) -> 接続済 | L21: CSI回路 | M21: CSI全般、特に電力密度重視 | N21: S07
A22: R021 | B22: 5レベル・多レベルCSIによる低dv/dt・低THD化と直流L小型化 | C22: CSIを多レベル化し、電流・電圧品質向上とフィルタ軽量化を狙う | D22: =COUNTIF('15_研究変数マップ'!$A$2:$A$189,A22) -> 6 | E22: =SUMIF('15_研究変数マップ'!$A$2:$A$189,A22,'15_研究変数マップ'!$H$2:$H$189) -> -2 | F22: =IF(MAX($D$2:$D$41)=0,0,D22/MAX($D$2:$D$41)*100) -> 30 | G22: =IF(E22="","",_xludf.RANK.EQ(E22,$E$2:$E$41,0)) -> #NAME? | H22: 数値は15_研究変数マップを参照。kg-eqは局所感度ベースのスクリーニング値であり、実Δkgではない。 | I22: =COUNTIFS('15_研究変数マップ'!$A$2:$A$189,A22,'15_研究変数マップ'!$I$2:$I$189,"参照済") -> 5 | J22: =IF(D22=0,0,I22/D22) -> 0.83333333 | K22: =IF(I22=0,"未接続",IF(I22<D22,"部分接続","接続済")) -> 部分接続 | L22: CSI回路 | M22: 中高圧・大電力CSI | N22: S08,S09
A23: R022 | B23: 5レベルANPC/NPC/FC系インバータによる出力dv/dt・EMI低減 | C23: 2レベルVSIを5レベル化して電圧ステップを小さくし、出力フィルタ・絶縁ストレス・CMVを低減する | D23: =COUNTIF('15_研究変数マップ'!$A$2:$A$189,A23) -> 6 | E23: =SUMIF('15_研究変数マップ'!$A$2:$A$189,A23,'15_研究変数マップ'!$H$2:$H$189) -> -2 | F23: =IF(MAX($D$2:$D$41)=0,0,D23/MAX($D$2:$D$41)*100) -> 30 | G23: =IF(E23="","",_xludf.RANK.EQ(E23,$E$2:$E$41,0)) -> #NAME? | H23: 数値は15_研究変数マップを参照。kg-eqは局所感度ベースのスクリーニング値であり、実Δkgではない。 | I23: =COUNTIFS('15_研究変数マップ'!$A$2:$A$189,A23,'15_研究変数マップ'!$I$2:$I$189,"参照済") -> 4 | J23: =IF(D23=0,0,I23/D23) -> 0.66666667 | K23: =IF(I23=0,"未接続",IF(I23<D23,"部分接続","接続済")) -> 部分接続 | L23: 多レベルVSI | M23: 中高圧・大電力VSI | N23: S10,S11
A24: R023 | B24: 3レベルANPC/T-type＋SiC/GaNハイブリッドスイッチング | C24: デバイス耐圧分担と損失分散を利用し、効率・熱設計・dv/dtを同時改善する | D24: =COUNTIF('15_研究変数マップ'!$A$2:$A$189,A24) -> 5 | E24: =SUMIF('15_研究変数マップ'!$A$2:$A$189,A24,'15_研究変数マップ'!$H$2:$H$189) -> -1 | F24: =IF(MAX($D$2:$D$41)=0,0,D24/MAX($D$2:$D$41)*100) -> 25 | G24: =IF(E24="","",_xludf.RANK.EQ(E24,$E$2:$E$41,0)) -> #NAME? | H24: 数値は15_研究変数マップを参照。kg-eqは局所感度ベースのスクリーニング値であり、実Δkgではない。 | I24: =COUNTIFS('15_研究変数マップ'!$A$2:$A$189,A24,'15_研究変数マップ'!$I$2:$I$189,"参照済") -> 3 | J24: =IF(D24=0,0,I24/D24) -> 0.6 | K24: =IF(I24=0,"未接続",IF(I24<D24,"部分接続","接続済")) -> 部分接続 | L24: 多レベルVSI | M24: 800V超～中電圧、高電力密度 | N24: S12,S13
A25: R024 | B25: 中高圧モータドライブ向けMMC（Modular Multilevel Converter） | C25: 多数レベルで低dv/dt・低THDを得ながら高電圧へスケーラブルにし、出力EMI・絶縁ストレスを低減する | D25: =COUNTIF('15_研究変数マップ'!$A$2:$A$189,A25) -> 6 | E25: =SUMIF('15_研究変数マップ'!$A$2:$A$189,A25,'15_研究変数マップ'!$H$2:$H$189) -> -2 | F25: =IF(MAX($D$2:$D$41)=0,0,D25/MAX($D$2:$D$41)*100) -> 30 | G25: =IF(E25="","",_xludf.RANK.EQ(E25,$E$2:$E$41,0)) -> #NAME? | H25: 数値は15_研究変数マップを参照。kg-eqは局所感度ベースのスクリーニング値であり、実Δkgではない。 | I25: =COUNTIFS('15_研究変数マップ'!$A$2:$A$189,A25,'15_研究変数マップ'!$I$2:$I$189,"参照済") -> 3 | J25: =IF(D25=0,0,I25/D25) -> 0.5 | K25: =IF(I25=0,"未接続",IF(I25<D25,"部分接続","接続済")) -> 部分接続 | L25: MMC | M25: 中高圧・MW級ドライブ | N25: S14,S15
A26: R025 | B26: 低容量サブモジュールMMC／リプル電力相殺によるコンデンサ軽量化 | C26: MMC低速運転で大きくなるサブモジュール容量を電力相殺・相互接続で削減する | D26: =COUNTIF('15_研究変数マップ'!$A$2:$A$189,A26) -> 4 | E26: =SUMIF('15_研究変数マップ'!$A$2:$A$189,A26,'15_研究変数マップ'!$H$2:$H$189) -> 0 | F26: =IF(MAX($D$2:$D$41)=0,0,D26/MAX($D$2:$D$41)*100) -> 20 | G26: =IF(E26="","",_xludf.RANK.EQ(E26,$E$2:$E$41,0)) -> #NAME? | H26: 数値は15_研究変数マップを参照。kg-eqは局所感度ベースのスクリーニング値であり、実Δkgではない。 | I26: =COUNTIFS('15_研究変数マップ'!$A$2:$A$189,A26,'15_研究変数マップ'!$I$2:$I$189,"参照済") -> 0 | J26: =IF(D26=0,0,I26/D26) -> 0 | K26: =IF(I26=0,"未接続",IF(I26<D26,"部分接続","接続済")) -> 未接続 | L26: MMC | M26: ワイドスピード中電圧ドライブ | N26: S16
A27: R026 | B27: Open-End Winding＋デュアルインバータの多レベル駆動 | C27: 巻線両端を別インバータで駆動して実効多レベル化し、電圧利用率・THD・CMV・フィルタ要求を改善する | D27: =COUNTIF('15_研究変数マップ'!$A$2:$A$189,A27) -> 5 | E27: =SUMIF('15_研究変数マップ'!$A$2:$A$189,A27,'15_研究変数マップ'!$H$2:$H$189) -> -2 | F27: =IF(MAX($D$2:$D$41)=0,0,D27/MAX($D$2:$D$41)*100) -> 25 | G27: =IF(E27="","",_xludf.RANK.EQ(E27,$E$2:$E$41,0)) -> #NAME? | H27: 数値は15_研究変数マップを参照。kg-eqは局所感度ベースのスクリーニング値であり、実Δkgではない。 | I27: =COUNTIFS('15_研究変数マップ'!$A$2:$A$189,A27,'15_研究変数マップ'!$I$2:$I$189,"参照済") -> 4 | J27: =IF(D27=0,0,I27/D27) -> 0.8 | K27: =IF(I27=0,"未接続",IF(I27<D27,"部分接続","接続済")) -> 部分接続 | L27: モータ巻線＋トポロジー | M27: 高速・高電圧・高信頼ドライブ | N27: S17,S18
A28: R027 | B28: DCリンクコンデンサレス・マトリクスコンバータ（Matrix Converter） | C28: 大容量DCリンクコンデンサを排除し、直接AC-AC変換で重量・寿命・電力密度を改善する | D28: =COUNTIF('15_研究変数マップ'!$A$2:$A$189,A28) -> 6 | E28: =SUMIF('15_研究変数マップ'!$A$2:$A$189,A28,'15_研究変数マップ'!$H$2:$H$189) -> -2 | F28: =IF(MAX($D$2:$D$41)=0,0,D28/MAX($D$2:$D$41)*100) -> 30 | G28: =IF(E28="","",_xludf.RANK.EQ(E28,$E$2:$E$41,0)) -> #NAME? | H28: 数値は15_研究変数マップを参照。kg-eqは局所感度ベースのスクリーニング値であり、実Δkgではない。 | I28: =COUNTIFS('15_研究変数マップ'!$A$2:$A$189,A28,'15_研究変数マップ'!$I$2:$I$189,"参照済") -> 5 | J28: =IF(D28=0,0,I28/D28) -> 0.83333333 | K28: =IF(I28=0,"未接続",IF(I28<D28,"部分接続","接続済")) -> 部分接続 | L28: AC-ACトポロジー | M28: AC給電産業ドライブ、航空・船舶 | N28: S19
A29: R028 | B29: Quasi-Z-source／単段Buck-BoostインバータによるDCDC機能統合 | C29: 昇降圧機能をインバータと単段化し、独立DCDC段の追加重量を回避する | D29: =COUNTIF('15_研究変数マップ'!$A$2:$A$189,A29) -> 5 | E29: =SUMIF('15_研究変数マップ'!$A$2:$A$189,A29,'15_研究変数マップ'!$H$2:$H$189) -> 1 | F29: =IF(MAX($D$2:$D$41)=0,0,D29/MAX($D$2:$D$41)*100) -> 25 | G29: =IF(E29="","",_xludf.RANK.EQ(E29,$E$2:$E$41,0)) -> #NAME? | H29: 数値は15_研究変数マップを参照。kg-eqは局所感度ベースのスクリーニング値であり、実Δkgではない。 | I29: =COUNTIFS('15_研究変数マップ'!$A$2:$A$189,A29,'15_研究変数マップ'!$I$2:$I$189,"参照済") -> 4 | J29: =IF(D29=0,0,I29/D29) -> 0.8 | K29: =IF(I29=0,"未接続",IF(I29<D29,"部分接続","接続済")) -> 部分接続 | L29: 昇降圧トポロジー | M29: 電池電圧変動が大きいドライブ | N29: S20
... A38: R037 | B38: 出力LC/CSI CL共振のアクティブダンピング・仮想インピーダンス制御 | C38: 受動ダンピング抵抗を減らし、フィルタ共振を制御で抑制して損失・重量を低減する | D38: =COUNTIF('15_研究変数マップ'!$A$2:$A$189,A38) -> 4 | E38: =SUMIF('15_研究変数マップ'!$A$2:$A$189,A38,'15_研究変数マップ'!$H$2:$H$189) -> 0 | F38: =IF(MAX($D$2:$D$41)=0,0,D38/MAX($D$2:$D$41)*100) -> 20 | G38: =IF(E38="","",_xludf.RANK.EQ(E38,$E$2:$E$41,0)) -> #NAME? | H38: 数値は15_研究変数マップを参照。kg-eqは局所感度ベースのスクリーニング値であり、実Δkgではない。 | I38: =COUNTIFS('15_研究変数マップ'!$A$2:$A$189,A38,'15_研究変数マップ'!$I$2:$I$189,"参照済") -> 4 | J38: =IF(D38=0,0,I38/D38) -> 1 | K38: =IF(I38=0,"未接続",IF(I38<D38,"部分接続","接続済")) -> 接続済 | L38: 制御 | M38: CSI、LC/LCLフィルタ付きVSI | N38: S02,S31
A39: R038 | B39: CSI／マトリクスコンバータ向けモノリシック双方向GaNスイッチ | C39: 逆阻止ダイオードやback-to-back素子をmonolithic dual-gate GaN BDSへ統合し、CSI/MCの導通損失・スイッチング損失・部品数を削減し、高周波化による受動部品軽量化余地を拡大する | D39: =COUNTIF('15_研究変数マップ'!$A$2:$A$206,A39) -> 20 | E39: =SUMIF('15_研究変数マップ'!$A$2:$A$206,A39,'15_研究変数マップ'!$H$2:$H$206) -> 0 | F39: =IF(MAX($D$2:$D$41)=0,0,D39/MAX($D$2:$D$41)*100) -> 100 | G39: =IF(E39="","",_xludf.RANK.EQ(E39,$E$2:$E$41,0)) -> #NAME? | H39: 数値は15_研究変数マップを参照。kg-eqは局所感度ベースのスクリーニング値であり、実Δkgではない。 | I39: =COUNTIFS('15_研究変数マップ'!$A$2:$A$206,A39,'15_研究変数マップ'!$I$2:$I$206,"参照済") -> 18 | J39: =IF(D39=0,0,I39/D39) -> 0.9 | K39: =IF(I39=0,"未接続",IF(I39<D39,"部分接続","接続済")) -> 部分接続 | L39: WBGデバイス | M39: CSI、Matrix Converter、高周波CSC | N39: S01,S19,S35,S36,S37
A40: R039 | B40: 結合インダクタ型3レベルBuck-Boostインバータによる入出力リプル・フィルタ低減 | C40: 結合磁気と位相シフトPWMで入出力の実効リプル周波数を高め、必要インダクタ量を削減する | D40: =COUNTIF('15_研究変数マップ'!$A$2:$A$189,A40) -> 5 | E40: =SUMIF('15_研究変数マップ'!$A$2:$A$189,A40,'15_研究変数マップ'!$H$2:$H$189) -> -1 | F40: =IF(MAX($D$2:$D$41)=0,0,D40/MAX($D$2:$D$41)*100) -> 25 | G40: =IF(E40="","",_xludf.RANK.EQ(E40,$E$2:$E$41,0)) -> #NAME? | H40: 数値は15_研究変数マップを参照。kg-eqは局所感度ベースのスクリーニング値であり、実Δkgではない。 | I40: =COUNTIFS('15_研究変数マップ'!$A$2:$A$189,A40,'15_研究変数マップ'!$I$2:$I$189,"参照済") -> 3 | J40: =IF(D40=0,0,I40/D40) -> 0.6 | K40: =IF(I40=0,"未接続",IF(I40<D40,"部分接続","接続済")) -> 部分接続 | L40: 磁気統合トポロジー | M40: 昇降圧が必要なDC給電ドライブ | N40: S32
A41: R040 | B41: HTS直流リアクトル＋クライオクーラ＋クエンチ保護のシステム最適化 | C41: HTSコイル単体ではなく冷凍機・断熱・電流リード・クエンチ保護まで含めて質量と損失を最小化する | D41: =COUNTIF('15_研究変数マップ'!$A$2:$A$189,A41) -> 5 | E41: =SUMIF('15_研究変数マップ'!$A$2:$A$189,A41,'15_研究変数マップ'!$H$2:$H$189) -> 0 | F41: =IF(MAX($D$2:$D$41)=0,0,D41/MAX($D$2:$D$41)*100) -> 25 | G41: =IF(E41="","",_xludf.RANK.EQ(E41,$E$2:$E$41,0)) -> #NAME? | H41: 数値は15_研究変数マップを参照。kg-eqは局所感度ベースのスクリーニング値であり、実Δkgではない。 | I41: =COUNTIFS('15_研究変数マップ'!$A$2:$A$189,A41,'15_研究変数マップ'!$I$2:$I$189,"参照済") -> 4 | J41: =IF(D41=0,0,I41/D41) -> 0.8 | K41: =IF(I41=0,"未接続",IF(I41<D41,"部分接続","接続済")) -> 部分接続 | L41: 超電導システム | M41: 超電導CSI、大電流DCリンク | N41: S03,S04,S05
A44: v1.8: 14_研究要素評価と16_研究文献を最新版へ再統合。15_研究変数マップでは研究変数188行すべてが02_ツリーへ正式登録済み。新規DCDC/CSI/HTS/APD変数は、現在シナリオがOFFの場合、参照済でも局所重量寄与が0となる。これは未参照ではなく現在シナリオでの寄与0を意味する。kg-eqは研究優先度スクリーニング用であり、実システム重量差はOFF/ON再計算で評価する。

Sheet 15_研究変数マップ
A1: 研究ID | B1: 影響変数 | C1: 狙う方向 | D1: 経路/狙い | E1: ツリー行 | F1: 正等価重量 [kg-eq] | G1: 負等価重量 [kg-eq] | H1: トレードオフ解消上限 [kg-eq] | I1: 参照状態 | J1: Phase4判定 | K1: 物理代表/接続先 | L1: 理由・二重計上防止
A2: R001 | B2: V_dc | C2: 増加 | D2: 高Vdc時の耐圧・Ron・Cossペナルティ低減 | E2: =IFERROR(MATCH(B2,'02_ツリー'!$E$5:$E$679,0)+4,"") -> 57 | F2: =IFERROR(INDEX('03_ダッシュボード'!$F$11:$F$412,MATCH(B2,'03_ダッシュボード'!$A$11:$A$412,0)),0) -> 1 | G2: =IFERROR(INDEX('03_ダッシュボード'!$G$11:$G$412,MATCH(B2,'03_ダッシュボード'!$A$11:$A$412,0)),0) -> 0 | H2: =IF(C2="増加",F2,IF(C2="減少",-G2,MIN(F2,-G2))) -> 1 | I2: =IF(E2="","未参照","参照済") -> 参照済
A3: R001 | B3: V_block_req | C3: 増加 | D3: 必要耐圧増加時の半導体ペナルティ低減 | E3: =IFERROR(MATCH(B3,'02_ツリー'!$E$5:$E$679,0)+4,"") -> 55 | F3: =IFERROR(INDEX('03_ダッシュボード'!$F$11:$F$412,MATCH(B3,'03_ダッシュボード'!$A$11:$A$412,0)),0) -> 1 | G3: =IFERROR(INDEX('03_ダッシュボード'!$G$11:$G$412,MATCH(B3,'03_ダッシュボード'!$A$11:$A$412,0)),0) -> 0 | H3: =IF(C3="増加",F3,IF(C3="減少",-G3,MIN(F3,-G3))) -> 1 | I3: =IF(E3="","未参照","参照済") -> 参照済
A4: R001 | B4: K_vblk | C4: 増加 | D4: 耐圧マージン増加時のペナルティ低減 | E4: =IFERROR(MATCH(B4,'02_ツリー'!$E$5:$E$679,0)+4,"") -> 56 | F4: =IFERROR(INDEX('03_ダッシュボード'!$F$11:$F$412,MATCH(B4,'03_ダッシュボード'!$A$11:$A$412,0)),0) -> 1 | G4: =IFERROR(INDEX('03_ダッシュボード'!$G$11:$G$412,MATCH(B4,'03_ダッシュボード'!$A$11:$A$412,0)),0) -> 0 | H4: =IF(C4="増加",F4,IF(C4="減少",-G4,MIN(F4,-G4))) -> 1 | I4: =IF(E4="","未参照","参照済") -> 参照済
A5: R001 | B5: A_chip | C5: 減少 | D5: チップ小面積化時のRon増加を抑制 | E5: =IFERROR(MATCH(B5,'02_ツリー'!$E$5:$E$679,0)+4,"") -> 20 | F5: =IFERROR(INDEX('03_ダッシュボード'!$F$11:$F$412,MATCH(B5,'03_ダッシュボード'!$A$11:$A$412,0)),0) -> 1 | G5: =IFERROR(INDEX('03_ダッシュボード'!$G$11:$G$412,MATCH(B5,'03_ダッシュボード'!$A$11:$A$412,0)),0) -> 0 | H5: =IF(C5="増加",F5,IF(C5="減少",-G5,MIN(F5,-G5))) -> 0 | I5: =IF(E5="","未参照","参照済") -> 参照済
A6: R001 | B6: Tj_target | C6: 増加 | D6: 高温動作時のRon/信頼性ペナルティ低減 | E6: =IFERROR(MATCH(B6,'02_ツリー'!$E$5:$E$679,0)+4,"") -> 460 | F6: =IFERROR(INDEX('03_ダッシュボード'!$F$11:$F$412,MATCH(B6,'03_ダッシュボード'!$A$11:$A$412,0)),0) -> 1 | G6: =IFERROR(INDEX('03_ダッシュボード'!$G$11:$G$412,MATCH(B6,'03_ダッシュボード'!$A$11:$A$412,0)),0) -> 0 | H6: =IF(C6="増加",F6,IF(C6="減少",-G6,MIN(F6,-G6))) -> 1 | I6: =IF(E6="","未参照","参照済") -> 参照済
A7: R002 | B7: L_stray | C7: 減少 | D7: 寄生L低減と構造重量を両立 | E7: =IFERROR(MATCH(B7,'02_ツリー'!$E$5:$E$679,0)+4,"") -> 344 | F7: =IFERROR(INDEX('03_ダッシュボード'!$F$11:$F$412,MATCH(B7,'03_ダッシュボード'!$A$11:$A$412,0)),0) -> 1 | G7: =IFERROR(INDEX('03_ダッシュボード'!$G$11:$G$412,MATCH(B7,'03_ダッシュボード'!$A$11:$A$412,0)),0) -> 0 | H7: =IF(C7="増加",F7,IF(C7="減少",-G7,MIN(F7,-G7))) -> 0 | I7: =IF(E7="","未参照","参照済") -> 参照済
A8: R002 | B8: gap_bus | C8: 減少 | D8: 狭ギャップ時の絶縁/製造制約を緩和 | E8: =IFERROR(MATCH(B8,'02_ツリー'!$E$5:$E$679,0)+4,"") -> 424 | F8: =IFERROR(INDEX('03_ダッシュボード'!$F$11:$F$412,MATCH(B8,'03_ダッシュボード'!$A$11:$A$412,0)),0) -> 1 | G8: =IFERROR(INDEX('03_ダッシュボード'!$G$11:$G$412,MATCH(B8,'03_ダッシュボード'!$A$11:$A$412,0)),0) -> 0 | H8: =IF(C8="増加",F8,IF(C8="減少",-G8,MIN(F8,-G8))) -> 0 | I8: =IF(E8="","未参照","参照済") -> 参照済
A9: R002 | B9: overlap_bus | C9: 増加 | D9: 重なり増加時の構造重量増を抑制 | E9: =IFERROR(MATCH(B9,'02_ツリー'!$E$5:$E$679,0)+4,"") -> 425 | F9: =IFERROR(INDEX('03_ダッシュボード'!$F$11:$F$412,MATCH(B9,'03_ダッシュボード'!$A$11:$A$412,0)),0) -> 1 | G9: =IFERROR(INDEX('03_ダッシュボード'!$G$11:$G$412,MATCH(B9,'03_ダッシュボード'!$A$11:$A$412,0)),0) -> 0 | H9: =IF(C9="増加",F9,IF(C9="減少",-G9,MIN(F9,-G9))) -> 1 | I9: =IF(E9="","未参照","参照済") -> 参照済
A10: R002 | B10: V_block_req | C10: 減少 | D10: オーバーシュート低減で必要耐圧を低減 | E10: =IFERROR(MATCH(B10,'02_ツリー'!$E$5:$E$679,0)+4,"") -> 55 | F10: =IFERROR(INDEX('03_ダッシュボード'!$F$11:$F$412,MATCH(B10,'03_ダッシュボード'!$A$11:$A$412,0)),0) -> 1 | G10: =IFERROR(INDEX('03_ダッシュボード'!$G$11:$G$412,MATCH(B10,'03_ダッシュボード'!$A$11:$A$412,0)),0) -> 0 | H10: =IF(C10="増加",F10,IF(C10="減少",-G10,MIN(F10,-G10))) -> 0 | I10: =IF(E10="","未参照","参照済") -> 参照済
A11: R002 | B11: Enable_snubber | C11: 減少 | D11: スナバ依存を低減 | E11: =IFERROR(MATCH(B11,'02_ツリー'!$E$5:$E$679,0)+4,"") -> 351 | F11: =IFERROR(INDEX('03_ダッシュボード'!$F$11:$F$412,MATCH(B11,'03_ダッシュボード'!$A$11:$A$412,0)),0) -> 1 | G11: =IFERROR(INDEX('03_ダッシュボード'!$G$11:$G$412,MATCH(B11,'03_ダッシュボード'!$A$11:$A$412,0)),0) -> 1 | H11: =IF(C11="増加",F11,IF(C11="減少",-G11,MIN(F11,-G11))) -> -1 | I11: =IF(E11="","未参照","参照済") -> 参照済
A12: R003 | B12: R_g_on | C12: 減少 | D12: 高速化時のEMI/過電圧ペナルティ抑制 | E12: =IFERROR(MATCH(B12,'02_ツリー'!$E$5:$E$679,0)+4,"") -> 303 | F12: =IFERROR(INDEX('03_ダッシュボード'!$F$11:$F$412,MATCH(B12,'03_ダッシュボード'!$A$11:$A$412,0)),0) -> 0 | G12: =IFERROR(INDEX('03_ダッシュボード'!$G$11:$G$412,MATCH(B12,'03_ダッシュボード'!$A$11:$A$412,0)),0) -> 0 | H12: =IF(C12="増加",F12,IF(C12="減少",-G12,MIN(F12,-G12))) -> 0 | I12: =IF(E12="","未参照","参照済") -> 参照済
A13: R003 | B13: t_on | C13: 減少 | D13: ターンオン高速化ペナルティ抑制 | E13: =IFERROR(MATCH(B13,'02_ツリー'!$E$5:$E$679,0)+4,"") -> 302 | F13: =IFERROR(INDEX('03_ダッシュボード'!$F$11:$F$412,MATCH(B13,'03_ダッシュボード'!$A$11:$A$412,0)),0) -> 0 | G13: =IFERROR(INDEX('03_ダッシュボード'!$G$11:$G$412,MATCH(B13,'03_ダッシュボード'!$A$11:$A$412,0)),0) -> 0 | H13: =IF(C13="増加",F13,IF(C13="減少",-G13,MIN(F13,-G13))) -> 0 | I13: =IF(E13="","未参照","参照済") -> 参照済
... A75: R017 | B75: L_dc | C75: 減少 | D75: CSI固有のDCリンクインダクタを小型化できるほどトポロジー優位性が増す | E75: =IFERROR(MATCH(B75,'02_ツリー'!$E$5:$E$679,0)+4,"") -> 576 | F75: =IFERROR(INDEX('03_ダッシュボード'!$F$11:$F$412,MATCH(B75,'03_ダッシュボード'!$A$11:$A$412,0)),0) -> 0 | G75: =IFERROR(INDEX('03_ダッシュボード'!$G$11:$G$412,MATCH(B75,'03_ダッシュボード'!$A$11:$A$412,0)),0) -> 0 | H75: =IF(C75="増加",F75,IF(C75="減少",-G75,MIN(F75,-G75))) -> 0 | I75: =IF(E75="","未参照","参照済") -> 参照済
A76: R017 | B76: P_motor_harmonic | C76: 減少 | D76: CSIによる電流高調波低減でモータ損失を低減（現行ツリー外） | E76: =IFERROR(MATCH(B76,'02_ツリー'!$E$5:$E$679,0)+4,"") | F76: =IFERROR(INDEX('03_ダッシュボード'!$F$11:$F$412,MATCH(B76,'03_ダッシュボード'!$A$11:$A$412,0)),0) -> 0 | G76: =IFERROR(INDEX('03_ダッシュボード'!$G$11:$G$412,MATCH(B76,'03_ダッシュボード'!$A$11:$A$412,0)),0) -> 0 | H76: =IF(C76="増加",F76,IF(C76="減少",-G76,MIN(F76,-G76))) -> 0 | I76: =IF(E76="","未参照","参照済") -> 未参照 | J76: KPI外保持 | K76: モータ/システムKPI | L76: P_motor_harmonicはインバータ重量へ加算しない。入力仕様D317/D318で研究値を保持。
A77: R018 | B77: L_dc | C77: 減少 | D77: HTS高電流密度化で必要リアクトル体積を削減 | E77: =IFERROR(MATCH(B77,'02_ツリー'!$E$5:$E$679,0)+4,"") -> 576 | F77: =IFERROR(INDEX('03_ダッシュボード'!$F$11:$F$412,MATCH(B77,'03_ダッシュボード'!$A$11:$A$412,0)),0) -> 0 | G77: =IFERROR(INDEX('03_ダッシュボード'!$G$11:$G$412,MATCH(B77,'03_ダッシュボード'!$A$11:$A$412,0)),0) -> 0 | H77: =IF(C77="増加",F77,IF(C77="減少",-G77,MIN(F77,-G77))) -> 0 | I77: =IF(E77="","未参照","参照済") -> 参照済
A78: R018 | B78: M_L_dc | C78: 減少 | D78: DCリンクリアクトル質量を直接削減 | E78: =IFERROR(MATCH(B78,'02_ツリー'!$E$5:$E$679,0)+4,"") -> 571 | F78: =IFERROR(INDEX('03_ダッシュボード'!$F$11:$F$412,MATCH(B78,'03_ダッシュボード'!$A$11:$A$412,0)),0) -> 0 | G78: =IFERROR(INDEX('03_ダッシュボード'!$G$11:$G$412,MATCH(B78,'03_ダッシュボード'!$A$11:$A$412,0)),0) -> 0 | H78: =IF(C78="増加",F78,IF(C78="減少",-G78,MIN(F78,-G78))) -> 0 | I78: =IF(E78="","未参照","参照済") -> 参照済
A79: R018 | B79: P_L_dc | C79: 減少 | D79: 直流銅損を超電導化で低減 | E79: =IFERROR(MATCH(B79,'02_ツリー'!$E$5:$E$679,0)+4,"") -> 595 | F79: =IFERROR(INDEX('03_ダッシュボード'!$F$11:$F$412,MATCH(B79,'03_ダッシュボード'!$A$11:$A$412,0)),0) -> 0 | G79: =IFERROR(INDEX('03_ダッシュボード'!$G$11:$G$412,MATCH(B79,'03_ダッシュボード'!$A$11:$A$412,0)),0) -> 0 | H79: =IF(C79="増加",F79,IF(C79="減少",-G79,MIN(F79,-G79))) -> 0 | I79: =IF(E79="","未参照","参照済") -> 参照済
A80: R018 | B80: M_cryo_HTS | C80: 減少 | D80: クライオクーラ・断熱・電流リード質量の最小化が成立条件 | E80: =IFERROR(MATCH(B80,'02_ツリー'!$E$5:$E$679,0)+4,"") -> 585 | F80: =IFERROR(INDEX('03_ダッシュボード'!$F$11:$F$412,MATCH(B80,'03_ダッシュボード'!$A$11:$A$412,0)),0) -> 0 | G80: =IFERROR(INDEX('03_ダッシュボード'!$G$11:$G$412,MATCH(B80,'03_ダッシュボード'!$A$11:$A$412,0)),0) -> 0 | H80: =IF(C80="増加",F80,IF(C80="減少",-G80,MIN(F80,-G80))) -> 0 | I80: =IF(E80="","未参照","参照済") -> 参照済
A81: R018 | B81: P_cryo_HTS | C81: 減少 | D81: 冷凍機入力電力を抑えてシステム効率を確保 | E81: =IFERROR(MATCH(B81,'02_ツリー'!$E$5:$E$679,0)+4,"") | F81: =IFERROR(INDEX('03_ダッシュボード'!$F$11:$F$412,MATCH(B81,'03_ダッシュボード'!$A$11:$A$412,0)),0) -> 0 | G81: =IFERROR(INDEX('03_ダッシュボード'!$G$11:$G$412,MATCH(B81,'03_ダッシュボード'!$A$11:$A$412,0)),0) -> 0 | H81: =IF(C81="増加",F81,IF(C81="減少",-G81,MIN(F81,-G81))) -> 0 | I81: =IF(E81="","未参照","参照済") -> 未参照
A82: R018 | B82: AC_loss_HTS_ripple | C82: 減少 | D82: DCリンクリプル磁界・電流によるHTS AC損失を抑制 | E82: =IFERROR(MATCH(B82,'02_ツリー'!$E$5:$E$679,0)+4,"") -> 593 | F82: =IFERROR(INDEX('03_ダッシュボード'!$F$11:$F$412,MATCH(B82,'03_ダッシュボード'!$A$11:$A$412,0)),0) -> 0 | G82: =IFERROR(INDEX('03_ダッシュボード'!$G$11:$G$412,MATCH(B82,'03_ダッシュボード'!$A$11:$A$412,0)),0) -> 0 | H82: =IF(C82="増加",F82,IF(C82="減少",-G82,MIN(F82,-G82))) -> 0 | I82: =IF(E82="","未参照","参照済") -> 参照済
A83: R019 | B83: M_DCDC | C83: 減少 | D83: 前段DCDC/電流形成段を制御で不要化 | E83: =IFERROR(MATCH(B83,'02_ツリー'!$E$5:$E$679,0)+4,"") -> 561 | F83: =IFERROR(INDEX('03_ダッシュボード'!$F$11:$F$412,MATCH(B83,'03_ダッシュボード'!$A$11:$A$412,0)),0) -> 0 | G83: =IFERROR(INDEX('03_ダッシュボード'!$G$11:$G$412,MATCH(B83,'03_ダッシュボード'!$A$11:$A$412,0)),0) -> 0 | H83: =IF(C83="増加",F83,IF(C83="減少",-G83,MIN(F83,-G83))) -> 0 | I83: =IF(E83="","未参照","参照済") -> 参照済
A84: R019 | B84: P_DCDC | C84: 減少 | D84: 前段コンバータ損失を削減 | E84: =IFERROR(MATCH(B84,'02_ツリー'!$E$5:$E$679,0)+4,"") -> 569 | F84: =IFERROR(INDEX('03_ダッシュボード'!$F$11:$F$412,MATCH(B84,'03_ダッシュボード'!$A$11:$A$412,0)),0) -> 0 | G84: =IFERROR(INDEX('03_ダッシュボード'!$G$11:$G$412,MATCH(B84,'03_ダッシュボード'!$A$11:$A$412,0)),0) -> 0 | H84: =IF(C84="増加",F84,IF(C84="減少",-G84,MIN(F84,-G84))) -> 0 | I84: =IF(E84="","未参照","参照済") -> 参照済
A85: R019 | B85: N_switch_DCDC | C85: 減少 | D85: 前段スイッチ・ゲートドライバ数を削減 | E85: =IFERROR(MATCH(B85,'02_ツリー'!$E$5:$E$679,0)+4,"") -> 564 | F85: =IFERROR(INDEX('03_ダッシュボード'!$F$11:$F$412,MATCH(B85,'03_ダッシュボード'!$A$11:$A$412,0)),0) -> 0 | G85: =IFERROR(INDEX('03_ダッシュボード'!$G$11:$G$412,MATCH(B85,'03_ダッシュボード'!$A$11:$A$412,0)),0) -> 0 | H85: =IF(C85="増加",F85,IF(C85="減少",-G85,MIN(F85,-G85))) -> 0 | I85: =IF(E85="","未参照","参照済") -> 参照済
A86: R019 | B86: L_dc | C86: 減少 | D86: 電源・制御協調で必要DCリンクLを最適化 | E86: =IFERROR(MATCH(B86,'02_ツリー'!$E$5:$E$679,0)+4,"") -> 576 | F86: =IFERROR(INDEX('03_ダッシュボード'!$F$11:$F$412,MATCH(B86,'03_ダッシュボード'!$A$11:$A$412,0)),0) -> 0 | G86: =IFERROR(INDEX('03_ダッシュボード'!$G$11:$G$412,MATCH(B86,'03_ダッシュボード'!$A$11:$A$412,0)),0) -> 0 | H86: =IF(C86="増加",F86,IF(C86="減少",-G86,MIN(F86,-G86))) -> 0 | I86: =IF(E86="","未参照","参照済") -> 参照済
A87: R020 | B87: L_dc | C87: 減少 | D87: APDで低周波リプル電力を分離してL要求を低減 | E87: =IFERROR(MATCH(B87,'02_ツリー'!$E$5:$E$679,0)+4,"") -> 576 | F87: =IFERROR(INDEX('03_ダッシュボード'!$F$11:$F$412,MATCH(B87,'03_ダッシュボード'!$A$11:$A$412,0)),0) -> 0 | G87: =IFERROR(INDEX('03_ダッシュボード'!$G$11:$G$412,MATCH(B87,'03_ダッシュボード'!$A$11:$A$412,0)),0) -> 0 | H87: =IF(C87="増加",F87,IF(C87="減少",-G87,MIN(F87,-G87))) -> 0 | I87: =IF(E87="","未参照","参照済") -> 参照済
A88: R020 | B88: M_L_dc | C88: 減少 | D88: DCリンクL小型化による質量低減 | E88: =IFERROR(MATCH(B88,'02_ツリー'!$E$5:$E$679,0)+4,"") -> 571 | F88: =IFERROR(INDEX('03_ダッシュボード'!$F$11:$F$412,MATCH(B88,'03_ダッシュボード'!$A$11:$A$412,0)),0) -> 0 | G88: =IFERROR(INDEX('03_ダッシュボード'!$G$11:$G$412,MATCH(B88,'03_ダッシュボード'!$A$11:$A$412,0)),0) -> 0 | H88: =IF(C88="増加",F88,IF(C88="減少",-G88,MIN(F88,-G88))) -> 0 | I88: =IF(E88="","未参照","参照済") -> 参照済
... A101: R022 | B101: f_sw | C101: 減少 | D101: 同等THDをより低いデバイススイッチング周波数で達成 | E101: =IFERROR(MATCH(B101,'02_ツリー'!$E$5:$E$679,0)+4,"") -> 81 | F101: =IFERROR(INDEX('03_ダッシュボード'!$F$11:$F$412,MATCH(B101,'03_ダッシュボード'!$A$11:$A$412,0)),0) -> 1 | G101: =IFERROR(INDEX('03_ダッシュボード'!$G$11:$G$412,MATCH(B101,'03_ダッシュボード'!$A$11:$A$412,0)),0) -> 0 | H101: =IF(C101="増加",F101,IF(C101="減少",-G101,MIN(F101,-G101))) -> 0 | I101: =IF(E101="","未参照","参照済") -> 参照済
A102: R022 | B102: N_switch_multilevel | C102: 減少 | D102: 低スイッチ数5レベル派生で部品増加ペナルティを抑制 | E102: =IFERROR(MATCH(B102,'02_ツリー'!$E$5:$E$679,0)+4,"") | F102: =IFERROR(INDEX('03_ダッシュボード'!$F$11:$F$412,MATCH(B102,'03_ダッシュボード'!$A$11:$A$412,0)),0) -> 0 | G102: =IFERROR(INDEX('03_ダッシュボード'!$G$11:$G$412,MATCH(B102,'03_ダッシュボード'!$A$11:$A$412,0)),0) -> 0 | H102: =IF(C102="増加",F102,IF(C102="減少",-G102,MIN(F102,-G102))) -> 0 | I102: =IF(E102="","未参照","参照済") -> 未参照 | J102: 既存枝で代表 | K102: T003 N_power_device_total / T272 N_gate | L102: 既存2L/3Lではトポロジー選択がデバイス数を決める。N_switch_multilevelを別重量として追加すると二重計上。5L等は専用トポロジー実装時に拡張。
A103: R023 | B103: Enable_dvdt_filter | C103: 減少 | D103: 3レベル化でdv/dt対策を削減 | E103: =IFERROR(MATCH(B103,'02_ツリー'!$E$5:$E$679,0)+4,"") -> 480 | F103: =IFERROR(INDEX('03_ダッシュボード'!$F$11:$F$412,MATCH(B103,'03_ダッシュボード'!$A$11:$A$412,0)),0) -> 0 | G103: =IFERROR(INDEX('03_ダッシュボード'!$G$11:$G$412,MATCH(B103,'03_ダッシュボード'!$A$11:$A$412,0)),0) -> 1 | H103: =IF(C103="増加",F103,IF(C103="減少",-G103,MIN(F103,-G103))) -> -1 | I103: =IF(E103="","未参照","参照済") -> 参照済
A104: R023 | B104: Enable_CM_filter | C104: 減少 | D104: CMV低減でCMフィルタ依存を低減 | E104: =IFERROR(MATCH(B104,'02_ツリー'!$E$5:$E$679,0)+4,"") | F104: =IFERROR(INDEX('03_ダッシュボード'!$F$11:$F$412,MATCH(B104,'03_ダッシュボード'!$A$11:$A$412,0)),0) -> 0 | G104: =IFERROR(INDEX('03_ダッシュボード'!$G$11:$G$412,MATCH(B104,'03_ダッシュボード'!$A$11:$A$412,0)),0) -> 0 | H104: =IF(C104="増加",F104,IF(C104="減少",-G104,MIN(F104,-G104))) -> 0 | I104: =IF(E104="","未参照","参照済") -> 未参照
A105: R023 | B105: V_block_req | C105: 減少 | D105: 各デバイスの電圧ストレスをVdc/2程度に分担 | E105: =IFERROR(MATCH(B105,'02_ツリー'!$E$5:$E$679,0)+4,"") -> 55 | F105: =IFERROR(INDEX('03_ダッシュボード'!$F$11:$F$412,MATCH(B105,'03_ダッシュボード'!$A$11:$A$412,0)),0) -> 1 | G105: =IFERROR(INDEX('03_ダッシュボード'!$G$11:$G$412,MATCH(B105,'03_ダッシュボード'!$A$11:$A$412,0)),0) -> 0 | H105: =IF(C105="増加",F105,IF(C105="減少",-G105,MIN(F105,-G105))) -> 0 | I105: =IF(E105="","未参照","参照済") -> 参照済
A106: R023 | B106: P_loss_distribution | C106: 減少 | D106: ANPC冗長状態で損失・温度を均等化（現行ツリー外） | E106: =IFERROR(MATCH(B106,'02_ツリー'!$E$5:$E$679,0)+4,"") | F106: =IFERROR(INDEX('03_ダッシュボード'!$F$11:$F$412,MATCH(B106,'03_ダッシュボード'!$A$11:$A$412,0)),0) -> 0 | G106: =IFERROR(INDEX('03_ダッシュボード'!$G$11:$G$412,MATCH(B106,'03_ダッシュボード'!$A$11:$A$412,0)),0) -> 0 | H106: =IF(C106="増加",F106,IF(C106="減少",-G106,MIN(F106,-G106))) -> 0 | I106: =IF(E106="","未参照","参照済") -> 未参照 | J106: KPI外/診断保持 | K106: 熱分布モデル未実装 | L106: P_loss_distributionは総損失ではなく分布指標。冷却構造モデルと結合するまで重量へ直接加算しない。
A107: R023 | B107: N_parallel | C107: 減少 | D107: WBG化・損失均等化により必要並列数を削減する余地 | E107: =IFERROR(MATCH(B107,'02_ツリー'!$E$5:$E$679,0)+4,"") -> 180 | F107: =IFERROR(INDEX('03_ダッシュボード'!$F$11:$F$412,MATCH(B107,'03_ダッシュボード'!$A$11:$A$412,0)),0) -> 1 | G107: =IFERROR(INDEX('03_ダッシュボード'!$G$11:$G$412,MATCH(B107,'03_ダッシュボード'!$A$11:$A$412,0)),0) -> 0 | H107: =IF(C107="増加",F107,IF(C107="減少",-G107,MIN(F107,-G107))) -> 0 | I107: =IF(E107="","未参照","参照済") -> 参照済
A108: R024 | B108: Enable_dvdt_filter | C108: 減少 | D108: 多数レベル出力でdv/dtフィルタ依存を低減 | E108: =IFERROR(MATCH(B108,'02_ツリー'!$E$5:$E$679,0)+4,"") -> 480 | F108: =IFERROR(INDEX('03_ダッシュボード'!$F$11:$F$412,MATCH(B108,'03_ダッシュボード'!$A$11:$A$412,0)),0) -> 0 | G108: =IFERROR(INDEX('03_ダッシュボード'!$G$11:$G$412,MATCH(B108,'03_ダッシュボード'!$A$11:$A$412,0)),0) -> 1 | H108: =IF(C108="増加",F108,IF(C108="減少",-G108,MIN(F108,-G108))) -> -1 | I108: =IF(E108="","未参照","参照済") -> 参照済
A109: R024 | B109: Enable_CM_filter | C109: 減少 | D109: CMV対策と低THD化で外付けフィルタを低減 | E109: =IFERROR(MATCH(B109,'02_ツリー'!$E$5:$E$679,0)+4,"") | F109: =IFERROR(INDEX('03_ダッシュボード'!$F$11:$F$412,MATCH(B109,'03_ダッシュボード'!$A$11:$A$412,0)),0) -> 0 | G109: =IFERROR(INDEX('03_ダッシュボード'!$G$11:$G$412,MATCH(B109,'03_ダッシュボード'!$A$11:$A$412,0)),0) -> 0 | H109: =IF(C109="増加",F109,IF(C109="減少",-G109,MIN(F109,-G109))) -> 0 | I109: =IF(E109="","未参照","参照済") -> 未参照
A110: R024 | B110: Enable_shield | C110: 減少 | D110: 低dv/dt/CMVでシールド依存を低減 | E110: =IFERROR(MATCH(B110,'02_ツリー'!$E$5:$E$679,0)+4,"") -> 486 | F110: =IFERROR(INDEX('03_ダッシュボード'!$F$11:$F$412,MATCH(B110,'03_ダッシュボード'!$A$11:$A$412,0)),0) -> 0 | G110: =IFERROR(INDEX('03_ダッシュボード'!$G$11:$G$412,MATCH(B110,'03_ダッシュボード'!$A$11:$A$412,0)),0) -> 1 | H110: =IF(C110="増加",F110,IF(C110="減少",-G110,MIN(F110,-G110))) -> -1 | I110: =IF(E110="","未参照","参照済") -> 参照済
A111: R024 | B111: V_block_req | C111: 減少 | D111: サブモジュール直列化で素子電圧を分担 | E111: =IFERROR(MATCH(B111,'02_ツリー'!$E$5:$E$679,0)+4,"") -> 55 | F111: =IFERROR(INDEX('03_ダッシュボード'!$F$11:$F$412,MATCH(B111,'03_ダッシュボード'!$A$11:$A$412,0)),0) -> 1 | G111: =IFERROR(INDEX('03_ダッシュボード'!$G$11:$G$412,MATCH(B111,'03_ダッシュボード'!$A$11:$A$412,0)),0) -> 0 | H111: =IF(C111="増加",F111,IF(C111="減少",-G111,MIN(F111,-G111))) -> 0 | I111: =IF(E111="","未参照","参照済") -> 参照済
A112: R024 | B112: C_SM_MMC | C112: 減少 | D112: サブモジュール容量がMMCの主要重量要因 | E112: =IFERROR(MATCH(B112,'02_ツリー'!$E$5:$E$679,0)+4,"") | F112: =IFERROR(INDEX('03_ダッシュボード'!$F$11:$F$412,MATCH(B112,'03_ダッシュボード'!$A$11:$A$412,0)),0) -> 0 | G112: =IFERROR(INDEX('03_ダッシュボード'!$G$11:$G$412,MATCH(B112,'03_ダッシュボード'!$A$11:$A$412,0)),0) -> 0 | H112: =IF(C112="増加",F112,IF(C112="減少",-G112,MIN(F112,-G112))) -> 0 | I112: =IF(E112="","未参照","参照済") -> 未参照 | J112: 将来トポロジー保持 | K112: MMC専用トポロジー実装時 | L112: C_SM_MMCを既存DC-link Cへ単純加算するとMMCと既存VSIを二重計上するため未接続。
A113: R024 | B113: M_SM_MMC | C113: 減少 | D113: サブモジュール部品・筐体の統合軽量化 | E113: =IFERROR(MATCH(B113,'02_ツリー'!$E$5:$E$679,0)+4,"") | F113: =IFERROR(INDEX('03_ダッシュボード'!$F$11:$F$412,MATCH(B113,'03_ダッシュボード'!$A$11:$A$412,0)),0) -> 0 | G113: =IFERROR(INDEX('03_ダッシュボード'!$G$11:$G$412,MATCH(B113,'03_ダッシュボード'!$A$11:$A$412,0)),0) -> 0 | H113: =IF(C113="増加",F113,IF(C113="減少",-G113,MIN(F113,-G113))) -> 0 | I113: =IF(E113="","未参照","参照済") -> 未参照 | J113: 将来トポロジー保持 | K113: MMC専用トポロジー実装時 | L113: M_SM_MMCはMMC構造重量。既存筐体/半導体との置換関係を定義してから接続。
A114: R025 | B114: C_SM_MMC | C114: 減少 | D114: リプル電力相殺でSM容量を低減 | E114: =IFERROR(MATCH(B114,'02_ツリー'!$E$5:$E$679,0)+4,"") | F114: =IFERROR(INDEX('03_ダッシュボード'!$F$11:$F$412,MATCH(B114,'03_ダッシュボード'!$A$11:$A$412,0)),0) -> 0 | G114: =IFERROR(INDEX('03_ダッシュボード'!$G$11:$G$412,MATCH(B114,'03_ダッシュボード'!$A$11:$A$412,0)),0) -> 0 | H114: =IF(C114="増加",F114,IF(C114="減少",-G114,MIN(F114,-G114))) -> 0 | I114: =IF(E114="","未参照","参照済") -> 未参照 | J114: 将来トポロジー保持 | K114: MMC専用トポロジー実装時 | L114: C_SM_MMCの置換関係が未定義のため未接続。
A115: R025 | B115: M_SM_cap | C115: 減少 | D115: サブモジュールコンデンサ重量を削減 | E115: =IFERROR(MATCH(B115,'02_ツリー'!$E$5:$E$679,0)+4,"") | F115: =IFERROR(INDEX('03_ダッシュボード'!$F$11:$F$412,MATCH(B115,'03_ダッシュボード'!$A$11:$A$412,0)),0) -> 0 | G115: =IFERROR(INDEX('03_ダッシュボード'!$G$11:$G$412,MATCH(B115,'03_ダッシュボード'!$A$11:$A$412,0)),0) -> 0 | H115: =IF(C115="増加",F115,IF(C115="減少",-G115,MIN(F115,-G115))) -> 0 | I115: =IF(E115="","未参照","参照済") -> 未参照 | J115: 将来トポロジー保持 | K115: MMC専用トポロジー実装時 | L115: M_SM_capはMMCサブモジュール容量モデル確定後に接続。
A116: R025 | B116: I_circulating_MMC | C116: 減少 | D116: 容量低減制御に伴う循環電流ストレスを抑制 | E116: =IFERROR(MATCH(B116,'02_ツリー'!$E$5:$E$679,0)+4,"") | F116: =IFERROR(INDEX('03_ダッシュボード'!$F$11:$F$412,MATCH(B116,'03_ダッシュボード'!$A$11:$A$412,0)),0) -> 0 | G116: =IFERROR(INDEX('03_ダッシュボード'!$G$11:$G$412,MATCH(B116,'03_ダッシュボード'!$A$11:$A$412,0)),0) -> 0 | H116: =IF(C116="増加",F116,IF(C116="減少",-G116,MIN(F116,-G116))) -> 0 | I116: =IF(E116="","未参照","参照済") -> 未参照 | J116: KPI外/診断保持 | K116: MMC循環電流→損失/冷却 | L116: 総損失への変換式が未定義のため直接重量化しない。
A117: R025 | B117: CMV_MMC | C117: 減少 | D117: HFI等によるCMV増加ペナルティを抑制 | E117: =IFERROR(MATCH(B117,'02_ツリー'!$E$5:$E$679,0)+4,"") | F117: =IFERROR(INDEX('03_ダッシュボード'!$F$11:$F$412,MATCH(B117,'03_ダッシュボード'!$A$11:$A$412,0)),0) -> 0 | G117: =IFERROR(INDEX('03_ダッシュボード'!$G$11:$G$412,MATCH(B117,'03_ダッシュボード'!$A$11:$A$412,0)),0) -> 0 | H117: =IF(C117="増加",F117,IF(C117="減少",-G117,MIN(F117,-G117))) -> 0 | I117: =IF(E117="","未参照","参照済") -> 未参照 | J117: KPI外/診断保持 | K117: MMC CMV→EMI | L117: CMVからCMフィルタ要求への物理変換式が未定義のため直接重量化しない。
A118: R026 | B118: Enable_CM_filter | C118: 減少 | D118: OEW多レベル駆動でCMV/高調波対策を削減 | E118: =IFERROR(MATCH(B118,'02_ツリー'!$E$5:$E$679,0)+4,"") | F118: =IFERROR(INDEX('03_ダッシュボード'!$F$11:$F$412,MATCH(B118,'03_ダッシュボード'!$A$11:$A$412,0)),0) -> 0 | G118: =IFERROR(INDEX('03_ダッシュボード'!$G$11:$G$412,MATCH(B118,'03_ダッシュボード'!$A$11:$A$412,0)),0) -> 0 | H118: =IF(C118="増加",F118,IF(C118="減少",-G118,MIN(F118,-G118))) -> 0 | I118: =IF(E118="","未参照","参照済") -> 未参照
A119: R026 | B119: Enable_dvdt_filter | C119: 減少 | D119: 実効電圧レベル増加でdv/dt低減 | E119: =IFERROR(MATCH(B119,'02_ツリー'!$E$5:$E$679,0)+4,"") -> 480 | F119: =IFERROR(INDEX('03_ダッシュボード'!$F$11:$F$412,MATCH(B119,'03_ダッシュボード'!$A$11:$A$412,0)),0) -> 0 | G119: =IFERROR(INDEX('03_ダッシュボード'!$G$11:$G$412,MATCH(B119,'03_ダッシュボード'!$A$11:$A$412,0)),0) -> 1 | H119: =IF(C119="増加",F119,IF(C119="減少",-G119,MIN(F119,-G119))) -> -1 | I119: =IF(E119="","未参照","参照済") -> 参照済
A120: R026 | B120: Enable_shield | C120: 減少 | D120: CMV抑制変調でシールド依存を低減 | E120: =IFERROR(MATCH(B120,'02_ツリー'!$E$5:$E$679,0)+4,"") -> 486 | F120: =IFERROR(INDEX('03_ダッシュボード'!$F$11:$F$412,MATCH(B120,'03_ダッシュボード'!$A$11:$A$412,0)),0) -> 0 | G120: =IFERROR(INDEX('03_ダッシュボード'!$G$11:$G$412,MATCH(B120,'03_ダッシュボード'!$A$11:$A$412,0)),0) -> 1 | H120: =IF(C120="増加",F120,IF(C120="減少",-G120,MIN(F120,-G120))) -> -1 | I120: =IF(E120="","未参照","参照済") -> 参照済
A121: R026 | B121: V_dc | C121: 減少 | D121: 同一モータ電圧に対する必要DCリンク電圧低減余地 | E121: =IFERROR(MATCH(B121,'02_ツリー'!$E$5:$E$679,0)+4,"") -> 57 | F121: =IFERROR(INDEX('03_ダッシュボード'!$F$11:$F$412,MATCH(B121,'03_ダッシュボード'!$A$11:$A$412,0)),0) -> 1 | G121: =IFERROR(INDEX('03_ダッシュボード'!$G$11:$G$412,MATCH(B121,'03_ダッシュボード'!$A$11:$A$412,0)),0) -> 0 | H121: =IF(C121="増加",F121,IF(C121="減少",-G121,MIN(F121,-G121))) -> 0 | I121: =IF(E121="","未参照","参照済") -> 参照済
A122: R026 | B122: V_block_req | C122: 減少 | D122: 各インバータのデバイス耐圧要求を低減 | E122: =IFERROR(MATCH(B122,'02_ツリー'!$E$5:$E$679,0)+4,"") -> 55 | F122: =IFERROR(INDEX('03_ダッシュボード'!$F$11:$F$412,MATCH(B122,'03_ダッシュボード'!$A$11:$A$412,0)),0) -> 1 | G122: =IFERROR(INDEX('03_ダッシュボード'!$G$11:$G$412,MATCH(B122,'03_ダッシュボード'!$A$11:$A$412,0)),0) -> 0 | H122: =IF(C122="増加",F122,IF(C122="減少",-G122,MIN(F122,-G122))) -> 0 | I122: =IF(E122="","未参照","参照済") -> 参照済
A123: R027 | B123: m_cap_active | C123: 減少 | D123: 大容量DCリンクコンデンサを排除 | E123: =IFERROR(MATCH(B123,'02_ツリー'!$E$5:$E$679,0)+4,"") -> 97 | F123: =IFERROR(INDEX('03_ダッシュボード'!$F$11:$F$412,MATCH(B123,'03_ダッシュボード'!$A$11:$A$412,0)),0) -> 0 | G123: =IFERROR(INDEX('03_ダッシュボード'!$G$11:$G$412,MATCH(B123,'03_ダッシュボード'!$A$11:$A$412,0)),0) -> 0 | H123: =IF(C123="増加",F123,IF(C123="減少",-G123,MIN(F123,-G123))) -> 0 | I123: =IF(E123="","未参照","参照済") -> 参照済
A124: R027 | B124: M_cap_margin | C124: 減少 | D124: DCリンクコンデンサ並列余裕を排除 | E124: =IFERROR(MATCH(B124,'02_ツリー'!$E$5:$E$679,0)+4,"") -> 375 | F124: =IFERROR(INDEX('03_ダッシュボード'!$F$11:$F$412,MATCH(B124,'03_ダッシュボード'!$A$11:$A$412,0)),0) -> 0 | G124: =IFERROR(INDEX('03_ダッシュボード'!$G$11:$G$412,MATCH(B124,'03_ダッシュボード'!$A$11:$A$412,0)),0) -> 0 | H124: =IF(C124="増加",F124,IF(C124="減少",-G124,MIN(F124,-G124))) -> 0 | I124: =IF(E124="","未参照","参照済") -> 参照済
A125: R027 | B125: C_req | C125: 減少 | D125: 中間DCリンクのエネルギー蓄積要求を削除 | E125: =IFERROR(MATCH(B125,'02_ツリー'!$E$5:$E$679,0)+4,"") -> 98 | F125: =IFERROR(INDEX('03_ダッシュボード'!$F$11:$F$412,MATCH(B125,'03_ダッシュボード'!$A$11:$A$412,0)),0) -> 0 | G125: =IFERROR(INDEX('03_ダッシュボード'!$G$11:$G$412,MATCH(B125,'03_ダッシュボード'!$A$11:$A$412,0)),0) -> 0 | H125: =IF(C125="増加",F125,IF(C125="減少",-G125,MIN(F125,-G125))) -> 0 | I125: =IF(E125="","未参照","参照済") -> 参照済
A126: R027 | B126: Enable_precharge | C126: 減少 | D126: 大容量DCリンクがないためプリチャージ系を簡素化 | E126: =IFERROR(MATCH(B126,'02_ツリー'!$E$5:$E$679,0)+4,"") -> 521 | F126: =IFERROR(INDEX('03_ダッシュボード'!$F$11:$F$412,MATCH(B126,'03_ダッシュボード'!$A$11:$A$412,0)),0) -> 1 | G126: =IFERROR(INDEX('03_ダッシュボード'!$G$11:$G$412,MATCH(B126,'03_ダッシュボード'!$A$11:$A$412,0)),0) -> 1 | H126: =IF(C126="増加",F126,IF(C126="減少",-G126,MIN(F126,-G126))) -> -1 | I126: =IF(E126="","未参照","参照済") -> 参照済
A127: R027 | B127: Enable_active_discharge | C127: 減少 | D127: DCリンク放電機能を簡素化 | E127: =IFERROR(MATCH(B127,'02_ツリー'!$E$5:$E$679,0)+4,"") -> 531 | F127: =IFERROR(INDEX('03_ダッシュボード'!$F$11:$F$412,MATCH(B127,'03_ダッシュボード'!$A$11:$A$412,0)),0) -> 1 | G127: =IFERROR(INDEX('03_ダッシュボード'!$G$11:$G$412,MATCH(B127,'03_ダッシュボード'!$A$11:$A$412,0)),0) -> 1 | H127: =IF(C127="増加",F127,IF(C127="減少",-G127,MIN(F127,-G127))) -> -1 | I127: =IF(E127="","未参照","参照済") -> 参照済
A128: R027 | B128: Enable_CM_filter | C128: 減少 | D128: 適切な変調/フィルタ設計でEMIフィルタ重量低減余地 | E128: =IFERROR(MATCH(B128,'02_ツリー'!$E$5:$E$679,0)+4,"") | F128: =IFERROR(INDEX('03_ダッシュボード'!$F$11:$F$412,MATCH(B128,'03_ダッシュボード'!$A$11:$A$412,0)),0) -> 0 | G128: =IFERROR(INDEX('03_ダッシュボード'!$G$11:$G$412,MATCH(B128,'03_ダッシュボード'!$A$11:$A$412,0)),0) -> 0 | H128: =IF(C128="増加",F128,IF(C128="減少",-G128,MIN(F128,-G128))) -> 0 | I128: =IF(E128="","未参照","参照済") -> 未参照
A129: R028 | B129: M_DCDC | C129: 減少 | D129: 独立DCDCの昇降圧機能をインバータへ統合 | E129: =IFERROR(MATCH(B129,'02_ツリー'!$E$5:$E$679,0)+4,"") -> 561 | F129: =IFERROR(INDEX('03_ダッシュボード'!$F$11:$F$412,MATCH(B129,'03_ダッシュボード'!$A$11:$A$412,0)),0) -> 0 | G129: =IFERROR(INDEX('03_ダッシュボード'!$G$11:$G$412,MATCH(B129,'03_ダッシュボード'!$A$11:$A$412,0)),0) -> 0 | H129: =IF(C129="増加",F129,IF(C129="減少",-G129,MIN(F129,-G129))) -> 0 | I129: =IF(E129="","未参照","参照済") -> 参照済
... A132: R028 | B132: N_switch_DCDC | C132: 減少 | D132: 前段DCDCスイッチ数を削減 | E132: =IFERROR(MATCH(B132,'02_ツリー'!$E$5:$E$679,0)+4,"") -> 564 | F132: =IFERROR(INDEX('03_ダッシュボード'!$F$11:$F$412,MATCH(B132,'03_ダッシュボード'!$A$11:$A$412,0)),0) -> 0 | G132: =IFERROR(INDEX('03_ダッシュボード'!$G$11:$G$412,MATCH(B132,'03_ダッシュボード'!$A$11:$A$412,0)),0) -> 0 | H132: =IF(C132="増加",F132,IF(C132="減少",-G132,MIN(F132,-G132))) -> 0 | I132: =IF(E132="","未参照","参照済") -> 参照済
A133: R028 | B133: M_Z_network | C133: 減少 | D133: Z-source固有L/Cの重量ペナルティを最小化 | E133: =IFERROR(MATCH(B133,'02_ツリー'!$E$5:$E$679,0)+4,"") | F133: =IFERROR(INDEX('03_ダッシュボード'!$F$11:$F$412,MATCH(B133,'03_ダッシュボード'!$A$11:$A$412,0)),0) -> 0 | G133: =IFERROR(INDEX('03_ダッシュボード'!$G$11:$G$412,MATCH(B133,'03_ダッシュボード'!$A$11:$A$412,0)),0) -> 0 | H133: =IF(C133="増加",F133,IF(C133="減少",-G133,MIN(F133,-G133))) -> 0 | I133: =IF(E133="","未参照","参照済") -> 未参照 | J133: 将来トポロジー保持 | K133: Z-sourceインピーダンスネットワーク | L133: DCDC機能/既存DC-link部品との置換関係を定義せずM_Z_networkを加算すると二重計上するため未接続。
A134: R029 | B134: Enable_CM_filter | C134: 減少 | D134: 低CMV・正弦波出力でCMフィルタ依存低減 | E134: =IFERROR(MATCH(B134,'02_ツリー'!$E$5:$E$679,0)+4,"") | F134: =IFERROR(INDEX('03_ダッシュボード'!$F$11:$F$412,MATCH(B134,'03_ダッシュボード'!$A$11:$A$412,0)),0) -> 0 | G134: =IFERROR(INDEX('03_ダッシュボード'!$G$11:$G$412,MATCH(B134,'03_ダッシュボード'!$A$11:$A$412,0)),0) -> 0 | H134: =IF(C134="増加",F134,IF(C134="減少",-G134,MIN(F134,-G134))) -> 0 | I134: =IF(E134="","未参照","参照済") -> 未参照
A135: R029 | B135: Enable_dvdt_filter | C135: 減少 | D135: 連続波形・低dv/dtで出力フィルタ要求低減 | E135: =IFERROR(MATCH(B135,'02_ツリー'!$E$5:$E$679,0)+4,"") -> 480 | F135: =IFERROR(INDEX('03_ダッシュボード'!$F$11:$F$412,MATCH(B135,'03_ダッシュボード'!$A$11:$A$412,0)),0) -> 0 | G135: =IFERROR(INDEX('03_ダッシュボード'!$G$11:$G$412,MATCH(B135,'03_ダッシュボード'!$A$11:$A$412,0)),0) -> 1 | H135: =IF(C135="増加",F135,IF(C135="減少",-G135,MIN(F135,-G135))) -> -1 | I135: =IF(E135="","未参照","参照済") -> 参照済
A136: R029 | B136: Enable_shield | C136: 減少 | D136: EMI低減でシールド依存低減 | E136: =IFERROR(MATCH(B136,'02_ツリー'!$E$5:$E$679,0)+4,"") -> 486 | F136: =IFERROR(INDEX('03_ダッシュボード'!$F$11:$F$412,MATCH(B136,'03_ダッシュボード'!$A$11:$A$412,0)),0) -> 0 | G136: =IFERROR(INDEX('03_ダッシュボード'!$G$11:$G$412,MATCH(B136,'03_ダッシュボード'!$A$11:$A$412,0)),0) -> 1 | H136: =IF(C136="増加",F136,IF(C136="減少",-G136,MIN(F136,-G136))) -> -1 | I136: =IF(E136="","未参照","参照済") -> 参照済
A137: R029 | B137: f_sw | C137: 増加 | D137: ZVSと磁気統合により高周波化を許容 | E137: =IFERROR(MATCH(B137,'02_ツリー'!$E$5:$E$679,0)+4,"") -> 81 | F137: =IFERROR(INDEX('03_ダッシュボード'!$F$11:$F$412,MATCH(B137,'03_ダッシュボード'!$A$11:$A$412,0)),0) -> 1 | G137: =IFERROR(INDEX('03_ダッシュボード'!$G$11:$G$412,MATCH(B137,'03_ダッシュボード'!$A$11:$A$412,0)),0) -> 0 | H137: =IF(C137="増加",F137,IF(C137="減少",-G137,MIN(F137,-G137))) -> 1 | I137: =IF(E137="","未参照","参照済") -> 参照済
A138: R029 | B138: M_coupled_magnetics | C138: 減少 | D138: 複数インダクタの磁気統合で質量低減 | E138: =IFERROR(MATCH(B138,'02_ツリー'!$E$5:$E$679,0)+4,"") | F138: =IFERROR(INDEX('03_ダッシュボード'!$F$11:$F$412,MATCH(B138,'03_ダッシュボード'!$A$11:$A$412,0)),0) -> 0 | G138: =IFERROR(INDEX('03_ダッシュボード'!$G$11:$G$412,MATCH(B138,'03_ダッシュボード'!$A$11:$A$412,0)),0) -> 0 | H138: =IF(C138="増加",F138,IF(C138="減少",-G138,MIN(F138,-G138))) -> 0 | I138: =IF(E138="","未参照","参照済") -> 未参照 | J138: 研究技術保持 | K138: 対象磁気部品の置換モデル | L138: 結合磁気は既存Lを置換/統合する技術であり追加重量ではない。統合対象を定義してから接続。
A139: R030 | B139: Enable_CM_filter | C139: 減少 | D139: アクティブ補償で受動CMフィルタ依存を低減 | E139: =IFERROR(MATCH(B139,'02_ツリー'!$E$5:$E$679,0)+4,"") | F139: =IFERROR(INDEX('03_ダッシュボード'!$F$11:$F$412,MATCH(B139,'03_ダッシュボード'!$A$11:$A$412,0)),0) -> 0 | G139: =IFERROR(INDEX('03_ダッシュボード'!$G$11:$G$412,MATCH(B139,'03_ダッシュボード'!$A$11:$A$412,0)),0) -> 0 | H139: =IF(C139="増加",F139,IF(C139="減少",-G139,MIN(F139,-G139))) -> 0 | I139: =IF(E139="","未参照","参照済") -> 未参照
A140: R030 | B140: Enable_shield | C140: 減少 | D140: CMノイズ抑制でシールド要求を低減 | E140: =IFERROR(MATCH(B140,'02_ツリー'!$E$5:$E$679,0)+4,"") -> 486 | F140: =IFERROR(INDEX('03_ダッシュボード'!$F$11:$F$412,MATCH(B140,'03_ダッシュボード'!$A$11:$A$412,0)),0) -> 0 | G140: =IFERROR(INDEX('03_ダッシュボード'!$G$11:$G$412,MATCH(B140,'03_ダッシュボード'!$A$11:$A$412,0)),0) -> 1 | H140: =IF(C140="増加",F140,IF(C140="減少",-G140,MIN(F140,-G140))) -> -1 | I140: =IF(E140="","未参照","参照済") -> 参照済
A141: R030 | B141: Enable_dvdt_filter | C141: 減少 | D141: CMキャンセルで一部出力フィルタ機能を代替 | E141: =IFERROR(MATCH(B141,'02_ツリー'!$E$5:$E$679,0)+4,"") -> 480 | F141: =IFERROR(INDEX('03_ダッシュボード'!$F$11:$F$412,MATCH(B141,'03_ダッシュボード'!$A$11:$A$412,0)),0) -> 0 | G141: =IFERROR(INDEX('03_ダッシュボード'!$G$11:$G$412,MATCH(B141,'03_ダッシュボード'!$A$11:$A$412,0)),0) -> 1 | H141: =IF(C141="増加",F141,IF(C141="減少",-G141,MIN(F141,-G141))) -> -1 | I141: =IF(E141="","未参照","参照済") -> 参照済
A142: R030 | B142: M_AEF | C142: 減少 | D142: 能動EMI回路自体の追加重量を最小化 | E142: =IFERROR(MATCH(B142,'02_ツリー'!$E$5:$E$679,0)+4,"") | F142: =IFERROR(INDEX('03_ダッシュボード'!$F$11:$F$412,MATCH(B142,'03_ダッシュボード'!$A$11:$A$412,0)),0) -> 0 | G142: =IFERROR(INDEX('03_ダッシュボード'!$G$11:$G$412,MATCH(B142,'03_ダッシュボード'!$A$11:$A$412,0)),0) -> 0 | H142: =IF(C142="増加",F142,IF(C142="減少",-G142,MIN(F142,-G142))) -> 0 | I142: =IF(E142="","未参照","参照済") -> 未参照 | J142: 既存枝で部分代表 | K142: T621 M_CM_active | L142: 現行はActive CM Filterとして能動EMIのCM成分を実装済み。汎用AEFを別加算すると重複するためM_AEF専用枝は作らない。
A143: R031 | B143: Enable_CM_filter | C143: 増加 | D143: CMフィルタを小型・低寄生で統合し追加重量ペナルティを抑制 | E143: =IFERROR(MATCH(B143,'02_ツリー'!$E$5:$E$679,0)+4,"") | F143: =IFERROR(INDEX('03_ダッシュボード'!$F$11:$F$412,MATCH(B143,'03_ダッシュボード'!$A$11:$A$412,0)),0) -> 0 | G143: =IFERROR(INDEX('03_ダッシュボード'!$G$11:$G$412,MATCH(B143,'03_ダッシュボード'!$A$11:$A$412,0)),0) -> 0 | H143: =IF(C143="増加",F143,IF(C143="減少",-G143,MIN(F143,-G143))) -> 0 | I143: =IF(E143="","未参照","参照済") -> 未参照
A144: R031 | B144: Enable_dvdt_filter | C144: 増加 | D144: dv/dtフィルタを磁気・配線と統合して重量ペナルティを抑制 | E144: =IFERROR(MATCH(B144,'02_ツリー'!$E$5:$E$679,0)+4,"") -> 480 | F144: =IFERROR(INDEX('03_ダッシュボード'!$F$11:$F$412,MATCH(B144,'03_ダッシュボード'!$A$11:$A$412,0)),0) -> 0 | G144: =IFERROR(INDEX('03_ダッシュボード'!$G$11:$G$412,MATCH(B144,'03_ダッシュボード'!$A$11:$A$412,0)),0) -> 1 | H144: =IF(C144="増加",F144,IF(C144="減少",-G144,MIN(F144,-G144))) -> 0 | I144: =IF(E144="","未参照","参照済") -> 参照済
A145: R031 | B145: Enable_hf_decouple | C145: 増加 | D145: 高周波デカップリングをパワーモジュールへ内蔵 | E145: =IFERROR(MATCH(B145,'02_ツリー'!$E$5:$E$679,0)+4,"") -> 426 | F145: =IFERROR(INDEX('03_ダッシュボード'!$F$11:$F$412,MATCH(B145,'03_ダッシュボード'!$A$11:$A$412,0)),0) -> 1 | G145: =IFERROR(INDEX('03_ダッシュボード'!$G$11:$G$412,MATCH(B145,'03_ダッシュボード'!$A$11:$A$412,0)),0) -> 1 | H145: =IF(C145="増加",F145,IF(C145="減少",-G145,MIN(F145,-G145))) -> 1 | I145: =IF(E145="","未参照","参照済") -> 参照済
A146: R031 | B146: Enable_shield | C146: 増加 | D146: シールドを筐体・基板構造に一体化 | E146: =IFERROR(MATCH(B146,'02_ツリー'!$E$5:$E$679,0)+4,"") -> 486 | F146: =IFERROR(INDEX('03_ダッシュボード'!$F$11:$F$412,MATCH(B146,'03_ダッシュボード'!$A$11:$A$412,0)),0) -> 0 | G146: =IFERROR(INDEX('03_ダッシュボード'!$G$11:$G$412,MATCH(B146,'03_ダッシュボード'!$A$11:$A$412,0)),0) -> 1 | H146: =IF(C146="増加",F146,IF(C146="減少",-G146,MIN(F146,-G146))) -> 0 | I146: =IF(E146="","未参照","参照済") -> 参照済
A147: R031 | B147: L_dm | C147: 減少 | D147: 高周波高性能磁気で必要DMインダクタ量を削減 | E147: =IFERROR(MATCH(B147,'02_ツリー'!$E$5:$E$679,0)+4,"") -> 143 | F147: =IFERROR(INDEX('03_ダッシュボード'!$F$11:$F$412,MATCH(B147,'03_ダッシュボード'!$A$11:$A$412,0)),0) -> 0 | G147: =IFERROR(INDEX('03_ダッシュボード'!$G$11:$G$412,MATCH(B147,'03_ダッシュボード'!$A$11:$A$412,0)),0) -> 0 | H147: =IF(C147="増加",F147,IF(C147="減少",-G147,MIN(F147,-G147))) -> 0 | I147: =IF(E147="","未参照","参照済") -> 参照済
A148: R032 | B148: Enable_shield | C148: 減少 | D148: 長いモータケーブル削減でシールド依存低減 | E148: =IFERROR(MATCH(B148,'02_ツリー'!$E$5:$E$679,0)+4,"") -> 486 | F148: =IFERROR(INDEX('03_ダッシュボード'!$F$11:$F$412,MATCH(B148,'03_ダッシュボード'!$A$11:$A$412,0)),0) -> 0 | G148: =IFERROR(INDEX('03_ダッシュボード'!$G$11:$G$412,MATCH(B148,'03_ダッシュボード'!$A$11:$A$412,0)),0) -> 1 | H148: =IF(C148="増加",F148,IF(C148="減少",-G148,MIN(F148,-G148))) -> -1 | I148: =IF(E148="","未参照","参照済") -> 参照済
A149: R032 | B149: Enable_dvdt_filter | C149: 減少 | D149: ケーブル反射過電圧低減でdv/dtフィルタ依存低減 | E149: =IFERROR(MATCH(B149,'02_ツリー'!$E$5:$E$679,0)+4,"") -> 480 | F149: =IFERROR(INDEX('03_ダッシュボード'!$F$11:$F$412,MATCH(B149,'03_ダッシュボード'!$A$11:$A$412,0)),0) -> 0 | G149: =IFERROR(INDEX('03_ダッシュボード'!$G$11:$G$412,MATCH(B149,'03_ダッシュボード'!$A$11:$A$412,0)),0) -> 1 | H149: =IF(C149="増加",F149,IF(C149="減少",-G149,MIN(F149,-G149))) -> -1 | I149: =IF(E149="","未参照","参照済") -> 参照済
A150: R032 | B150: Enable_CM_filter | C150: 減少 | D150: 配線短縮でCMループ・EMI対策を低減 | E150: =IFERROR(MATCH(B150,'02_ツリー'!$E$5:$E$679,0)+4,"") | F150: =IFERROR(INDEX('03_ダッシュボード'!$F$11:$F$412,MATCH(B150,'03_ダッシュボード'!$A$11:$A$412,0)),0) -> 0 | G150: =IFERROR(INDEX('03_ダッシュボード'!$G$11:$G$412,MATCH(B150,'03_ダッシュボード'!$A$11:$A$412,0)),0) -> 0 | H150: =IF(C150="増加",F150,IF(C150="減少",-G150,MIN(F150,-G150))) -> 0 | I150: =IF(E150="","未参照","参照済") -> 未参照
A151: R032 | B151: L_cable | C151: 減少 | D151: モータケーブル寄生インダクタンスを削減（現行ツリー外） | E151: =IFERROR(MATCH(B151,'02_ツリー'!$E$5:$E$679,0)+4,"") -> 545 | F151: =IFERROR(INDEX('03_ダッシュボード'!$F$11:$F$412,MATCH(B151,'03_ダッシュボード'!$A$11:$A$412,0)),0) -> 0 | G151: =IFERROR(INDEX('03_ダッシュボード'!$G$11:$G$412,MATCH(B151,'03_ダッシュボード'!$A$11:$A$412,0)),0) -> 0 | H151: =IF(C151="増加",F151,IF(C151="減少",-G151,MIN(F151,-G151))) -> 0 | I151: =IF(E151="","未参照","参照済") -> 参照済
A152: R032 | B152: M_cable | C152: 減少 | D152: モータケーブル重量を削減（現行ツリー外） | E152: =IFERROR(MATCH(B152,'02_ツリー'!$E$5:$E$679,0)+4,"") | F152: =IFERROR(INDEX('03_ダッシュボード'!$F$11:$F$412,MATCH(B152,'03_ダッシュボード'!$A$11:$A$412,0)),0) -> 0 | G152: =IFERROR(INDEX('03_ダッシュボード'!$G$11:$G$412,MATCH(B152,'03_ダッシュボード'!$A$11:$A$412,0)),0) -> 0 | H152: =IF(C152="増加",F152,IF(C152="減少",-G152,MIN(F152,-G152))) -> 0 | I152: =IF(E152="","未参照","参照済") -> 未参照 | J152: KPI外保持 | K152: システム重量KPI | L152: モータケーブルはインバータ筐体外のためM_invへ加算しない。
A153: R032 | B153: M_case_separate | C153: 減少 | D153: 独立インバータ筐体を統合（現行ツリー外） | E153: =IFERROR(MATCH(B153,'02_ツリー'!$E$5:$E$679,0)+4,"") | F153: =IFERROR(INDEX('03_ダッシュボード'!$F$11:$F$412,MATCH(B153,'03_ダッシュボード'!$A$11:$A$412,0)),0) -> 0 | G153: =IFERROR(INDEX('03_ダッシュボード'!$G$11:$G$412,MATCH(B153,'03_ダッシュボード'!$A$11:$A$412,0)),0) -> 0 | H153: =IF(C153="増加",F153,IF(C153="減少",-G153,MIN(F153,-G153))) -> 0 | I153: =IF(E153="","未参照","参照済") -> 未参照 | J153: 既存枝で代表 | K153: T125 M_case | L153: 独立インバータ筐体は既存M_caseそのもの。IMDではM_caseを低減/置換するのでM_case_separateを別加算しない。
A154: R033 | B154: Enable_CM_PWM | C154: 増加 | D154: 低CMV変調の追加損失/制約を抑えつつCMVを源流抑制 | E154: =IFERROR(MATCH(B154,'02_ツリー'!$E$5:$E$679,0)+4,"") -> 363 | F154: =IFERROR(INDEX('03_ダッシュボード'!$F$11:$F$412,MATCH(B154,'03_ダッシュボード'!$A$11:$A$412,0)),0) -> 0 | G154: =IFERROR(INDEX('03_ダッシュボード'!$G$11:$G$412,MATCH(B154,'03_ダッシュボード'!$A$11:$A$412,0)),0) -> 1 | H154: =IF(C154="増加",F154,IF(C154="減少",-G154,MIN(F154,-G154))) -> 0 | I154: =IF(E154="","未参照","参照済") -> 参照済
A155: R033 | B155: Enable_CM_filter | C155: 減少 | D155: CMフィルタ依存を低減 | E155: =IFERROR(MATCH(B155,'02_ツリー'!$E$5:$E$679,0)+4,"") | F155: =IFERROR(INDEX('03_ダッシュボード'!$F$11:$F$412,MATCH(B155,'03_ダッシュボード'!$A$11:$A$412,0)),0) -> 0 | G155: =IFERROR(INDEX('03_ダッシュボード'!$G$11:$G$412,MATCH(B155,'03_ダッシュボード'!$A$11:$A$412,0)),0) -> 0 | H155: =IF(C155="増加",F155,IF(C155="減少",-G155,MIN(F155,-G155))) -> 0 | I155: =IF(E155="","未参照","参照済") -> 未参照
A156: R033 | B156: Enable_shield | C156: 減少 | D156: シールド要求を低減 | E156: =IFERROR(MATCH(B156,'02_ツリー'!$E$5:$E$679,0)+4,"") -> 486 | F156: =IFERROR(INDEX('03_ダッシュボード'!$F$11:$F$412,MATCH(B156,'03_ダッシュボード'!$A$11:$A$412,0)),0) -> 0 | G156: =IFERROR(INDEX('03_ダッシュボード'!$G$11:$G$412,MATCH(B156,'03_ダッシュボード'!$A$11:$A$412,0)),0) -> 1 | H156: =IF(C156="増加",F156,IF(C156="減少",-G156,MIN(F156,-G156))) -> -1 | I156: =IF(E156="","未参照","参照済") -> 参照済
A157: R033 | B157: Enable_dvdt_filter | C157: 減少 | D157: 一部dv/dt/CM対策を変調・トポロジーで代替 | E157: =IFERROR(MATCH(B157,'02_ツリー'!$E$5:$E$679,0)+4,"") -> 480 | F157: =IFERROR(INDEX('03_ダッシュボード'!$F$11:$F$412,MATCH(B157,'03_ダッシュボード'!$A$11:$A$412,0)),0) -> 0 | G157: =IFERROR(INDEX('03_ダッシュボード'!$G$11:$G$412,MATCH(B157,'03_ダッシュボード'!$A$11:$A$412,0)),0) -> 1 | H157: =IF(C157="増加",F157,IF(C157="減少",-G157,MIN(F157,-G157))) -> -1 | I157: =IF(E157="","未参照","参照済") -> 参照済
A158: R034 | B158: I_phase | C158: 減少 | D158: 総電力を多相へ分散して相当たり電流を低減 | E158: =IFERROR(MATCH(B158,'02_ツリー'!$E$5:$E$679,0)+4,"") -> 12 | F158: =IFERROR(INDEX('03_ダッシュボード'!$F$11:$F$412,MATCH(B158,'03_ダッシュボード'!$A$11:$A$412,0)),0) -> 1 | G158: =IFERROR(INDEX('03_ダッシュボード'!$G$11:$G$412,MATCH(B158,'03_ダッシュボード'!$A$11:$A$412,0)),0) -> 0 | H158: =IF(C158="増加",F158,IF(C158="減少",-G158,MIN(F158,-G158))) -> 0 | I158: =IF(E158="","未参照","参照済") -> 参照済
A159: R034 | B159: I_ripple | C159: 減少 | D159: 相間位相分散で合成リプル・トルクリプルを低減 | E159: =IFERROR(MATCH(B159,'02_ツリー'!$E$5:$E$679,0)+4,"") -> 148 | F159: =IFERROR(INDEX('03_ダッシュボード'!$F$11:$F$412,MATCH(B159,'03_ダッシュボード'!$A$11:$A$412,0)),0) -> 0 | G159: =IFERROR(INDEX('03_ダッシュボード'!$G$11:$G$412,MATCH(B159,'03_ダッシュボード'!$A$11:$A$412,0)),0) -> 0 | H159: =IF(C159="増加",F159,IF(C159="減少",-G159,MIN(F159,-G159))) -> 0 | I159: =IF(E159="","未参照","参照済") -> 参照済
A160: R034 | B160: N_parallel | C160: 減少 | D160: 相当たり電流低減でデバイス並列数を削減する余地 | E160: =IFERROR(MATCH(B160,'02_ツリー'!$E$5:$E$679,0)+4,"") -> 180 | F160: =IFERROR(INDEX('03_ダッシュボード'!$F$11:$F$412,MATCH(B160,'03_ダッシュボード'!$A$11:$A$412,0)),0) -> 1 | G160: =IFERROR(INDEX('03_ダッシュボード'!$G$11:$G$412,MATCH(B160,'03_ダッシュボード'!$A$11:$A$412,0)),0) -> 0 | H160: =IF(C160="増加",F160,IF(C160="減少",-G160,MIN(F160,-G160))) -> 0 | I160: =IF(E160="","未参照","参照済") -> 参照済
A161: R034 | B161: N_phase | C161: 増加 | D161: 多相化による追加レグ・ゲートドライバ数増がトレードオフ | E161: =IFERROR(MATCH(B161,'02_ツリー'!$E$5:$E$679,0)+4,"") | F161: =IFERROR(INDEX('03_ダッシュボード'!$F$11:$F$412,MATCH(B161,'03_ダッシュボード'!$A$11:$A$412,0)),0) -> 0 | G161: =IFERROR(INDEX('03_ダッシュボード'!$G$11:$G$412,MATCH(B161,'03_ダッシュボード'!$A$11:$A$412,0)),0) -> 0 | H161: =IF(C161="増加",F161,IF(C161="減少",-G161,MIN(F161,-G161))) -> 0 | I161: =IF(E161="","未参照","参照済") -> 未参照 | J161: 将来仕様保持 | K161: 多相一般化モデル | L161: 現行式は3相前提(SQRT(3), 3×損失等)。N_phaseだけ追加すると不整合になるため全関連式一般化時に接続。
A162: R035 | B162: Enable_dvdt_filter | C162: 減少 | D162: 多レベルの低dv/dtメリットを維持 | E162: =IFERROR(MATCH(B162,'02_ツリー'!$E$5:$E$679,0)+4,"") -> 480 | F162: =IFERROR(INDEX('03_ダッシュボード'!$F$11:$F$412,MATCH(B162,'03_ダッシュボード'!$A$11:$A$412,0)),0) -> 0 | G162: =IFERROR(INDEX('03_ダッシュボード'!$G$11:$G$412,MATCH(B162,'03_ダッシュボード'!$A$11:$A$412,0)),0) -> 1 | H162: =IF(C162="増加",F162,IF(C162="減少",-G162,MIN(F162,-G162))) -> -1 | I162: =IF(E162="","未参照","参照済") -> 参照済
A163: R035 | B163: Enable_CM_filter | C163: 減少 | D163: 多レベルの低CMV/THDメリットを維持 | E163: =IFERROR(MATCH(B163,'02_ツリー'!$E$5:$E$679,0)+4,"") | F163: =IFERROR(INDEX('03_ダッシュボード'!$F$11:$F$412,MATCH(B163,'03_ダッシュボード'!$A$11:$A$412,0)),0) -> 0 | G163: =IFERROR(INDEX('03_ダッシュボード'!$G$11:$G$412,MATCH(B163,'03_ダッシュボード'!$A$11:$A$412,0)),0) -> 0 | H163: =IF(C163="増加",F163,IF(C163="減少",-G163,MIN(F163,-G163))) -> 0 | I163: =IF(E163="","未参照","参照済") -> 未参照
A164: R035 | B164: V_block_req | C164: 減少 | D164: デバイス電圧ストレスを分担 | E164: =IFERROR(MATCH(B164,'02_ツリー'!$E$5:$E$679,0)+4,"") -> 55 | F164: =IFERROR(INDEX('03_ダッシュボード'!$F$11:$F$412,MATCH(B164,'03_ダッシュボード'!$A$11:$A$412,0)),0) -> 1 | G164: =IFERROR(INDEX('03_ダッシュボード'!$G$11:$G$412,MATCH(B164,'03_ダッシュボード'!$A$11:$A$412,0)),0) -> 0 | H164: =IF(C164="増加",F164,IF(C164="減少",-G164,MIN(F164,-G164))) -> 0 | I164: =IF(E164="","未参照","参照済") -> 参照済
A165: R035 | B165: N_switch_multilevel | C165: 減少 | D165: スイッチ数を削減して多レベル化ペナルティを軽減 | E165: =IFERROR(MATCH(B165,'02_ツリー'!$E$5:$E$679,0)+4,"") | F165: =IFERROR(INDEX('03_ダッシュボード'!$F$11:$F$412,MATCH(B165,'03_ダッシュボード'!$A$11:$A$412,0)),0) -> 0 | G165: =IFERROR(INDEX('03_ダッシュボード'!$G$11:$G$412,MATCH(B165,'03_ダッシュボード'!$A$11:$A$412,0)),0) -> 0 | H165: =IF(C165="増加",F165,IF(C165="減少",-G165,MIN(F165,-G165))) -> 0 | I165: =IF(E165="","未参照","参照済") -> 未参照 | J165: 既存枝で代表 | K165: T003 N_power_device_total / T272 N_gate | L165: 既存3Lはデバイス数で既に反映。将来FC等はトポロジー固有式実装時に拡張。
A166: R035 | B166: N_floating_cap | C166: 減少 | D166: フライングC/孤立電源数を削減 | E166: =IFERROR(MATCH(B166,'02_ツリー'!$E$5:$E$679,0)+4,"") | F166: =IFERROR(INDEX('03_ダッシュボード'!$F$11:$F$412,MATCH(B166,'03_ダッシュボード'!$A$11:$A$412,0)),0) -> 0 | G166: =IFERROR(INDEX('03_ダッシュボード'!$G$11:$G$412,MATCH(B166,'03_ダッシュボード'!$A$11:$A$412,0)),0) -> 0 | H166: =IF(C166="増加",F166,IF(C166="減少",-G166,MIN(F166,-G166))) -> 0 | I166: =IF(E166="","未参照","参照済") -> 未参照 | J166: 将来トポロジー保持 | K166: Flying-capacitor専用C枝 | L166: FCトポロジー未実装。既存DC-link Cへ単純加算せず、FC構成選択時のみ接続する。
A167: R036 | B167: I_ripple | C167: 減少 | D167: 位相シフトで電流リプルを相殺 | E167: =IFERROR(MATCH(B167,'02_ツリー'!$E$5:$E$679,0)+4,"") -> 148 | F167: =IFERROR(INDEX('03_ダッシュボード'!$F$11:$F$412,MATCH(B167,'03_ダッシュボード'!$A$11:$A$412,0)),0) -> 0 | G167: =IFERROR(INDEX('03_ダッシュボード'!$G$11:$G$412,MATCH(B167,'03_ダッシュボード'!$A$11:$A$412,0)),0) -> 0 | H167: =IF(C167="増加",F167,IF(C167="減少",-G167,MIN(F167,-G167))) -> 0 | I167: =IF(E167="","未参照","参照済") -> 参照済
A168: R036 | B168: C_req | C168: 減少 | D168: DCリンクRMSリプル低減で必要容量/電流定格を削減 | E168: =IFERROR(MATCH(B168,'02_ツリー'!$E$5:$E$679,0)+4,"") -> 98 | F168: =IFERROR(INDEX('03_ダッシュボード'!$F$11:$F$412,MATCH(B168,'03_ダッシュボード'!$A$11:$A$412,0)),0) -> 0 | G168: =IFERROR(INDEX('03_ダッシュボード'!$G$11:$G$412,MATCH(B168,'03_ダッシュボード'!$A$11:$A$412,0)),0) -> 0 | H168: =IF(C168="増加",F168,IF(C168="減少",-G168,MIN(F168,-G168))) -> 0 | I168: =IF(E168="","未参照","参照済") -> 参照済
A169: R036 | B169: M_cap_margin | C169: 減少 | D169: リプル電流余裕に起因する並列コンデンサ重量を削減 | E169: =IFERROR(MATCH(B169,'02_ツリー'!$E$5:$E$679,0)+4,"") -> 375 | F169: =IFERROR(INDEX('03_ダッシュボード'!$F$11:$F$412,MATCH(B169,'03_ダッシュボード'!$A$11:$A$412,0)),0) -> 0 | G169: =IFERROR(INDEX('03_ダッシュボード'!$G$11:$G$412,MATCH(B169,'03_ダッシュボード'!$A$11:$A$412,0)),0) -> 0 | H169: =IF(C169="増加",F169,IF(C169="減少",-G169,MIN(F169,-G169))) -> 0 | I169: =IF(E169="","未参照","参照済") -> 参照済
A170: R036 | B170: L_dm | C170: 減少 | D170: 実効リプル周波数上昇で必要インダクタ量を削減 | E170: =IFERROR(MATCH(B170,'02_ツリー'!$E$5:$E$679,0)+4,"") -> 143 | F170: =IFERROR(INDEX('03_ダッシュボード'!$F$11:$F$412,MATCH(B170,'03_ダッシュボード'!$A$11:$A$412,0)),0) -> 0 | G170: =IFERROR(INDEX('03_ダッシュボード'!$G$11:$G$412,MATCH(B170,'03_ダッシュボード'!$A$11:$A$412,0)),0) -> 0 | H170: =IF(C170="増加",F170,IF(C170="減少",-G170,MIN(F170,-G170))) -> 0 | I170: =IF(E170="","未参照","参照済") -> 参照済
A171: R036 | B171: f_sw | C171: 減少 | D171: 同等リプルで各セルのスイッチング周波数を低減 | E171: =IFERROR(MATCH(B171,'02_ツリー'!$E$5:$E$679,0)+4,"") -> 81 | F171: =IFERROR(INDEX('03_ダッシュボード'!$F$11:$F$412,MATCH(B171,'03_ダッシュボード'!$A$11:$A$412,0)),0) -> 1 | G171: =IFERROR(INDEX('03_ダッシュボード'!$G$11:$G$412,MATCH(B171,'03_ダッシュボード'!$A$11:$A$412,0)),0) -> 0 | H171: =IF(C171="増加",F171,IF(C171="減少",-G171,MIN(F171,-G171))) -> 0 | I171: =IF(E171="","未参照","参照済") -> 参照済
A172: R037 | B172: L_dm | C172: 減少 | D172: 高次フィルタ＋アクティブダンピングで総インダクタ量を低減 | E172: =IFERROR(MATCH(B172,'02_ツリー'!$E$5:$E$679,0)+4,"") -> 143 | F172: =IFERROR(INDEX('03_ダッシュボード'!$F$11:$F$412,MATCH(B172,'03_ダッシュボード'!$A$11:$A$412,0)),0) -> 0 | G172: =IFERROR(INDEX('03_ダッシュボード'!$G$11:$G$412,MATCH(B172,'03_ダッシュボード'!$A$11:$A$412,0)),0) -> 0 | H172: =IF(C172="増加",F172,IF(C172="減少",-G172,MIN(F172,-G172))) -> 0 | I172: =IF(E172="","未参照","参照済") -> 参照済
A173: R037 | B173: C_dm | C173: 減少 | D173: 共振制御を利用しフィルタ容量を最適化 | E173: =IFERROR(MATCH(B173,'02_ツリー'!$E$5:$E$679,0)+4,"") -> 160 | F173: =IFERROR(INDEX('03_ダッシュボード'!$F$11:$F$412,MATCH(B173,'03_ダッシュボード'!$A$11:$A$412,0)),0) -> 0 | G173: =IFERROR(INDEX('03_ダッシュボード'!$G$11:$G$412,MATCH(B173,'03_ダッシュボード'!$A$11:$A$412,0)),0) -> 0 | H173: =IF(C173="増加",F173,IF(C173="減少",-G173,MIN(F173,-G173))) -> 0 | I173: =IF(E173="","未参照","参照済") -> 参照済
A174: R037 | B174: M_damping_resistor | C174: 減少 | D174: 受動ダンピング抵抗を仮想抵抗で代替 | E174: =IFERROR(MATCH(B174,'02_ツリー'!$E$5:$E$679,0)+4,"") -> 672 | F174: =IFERROR(INDEX('03_ダッシュボード'!$F$11:$F$412,MATCH(B174,'03_ダッシュボード'!$A$11:$A$412,0)),0) -> 0 | G174: =IFERROR(INDEX('03_ダッシュボード'!$G$11:$G$412,MATCH(B174,'03_ダッシュボード'!$A$11:$A$412,0)),0) -> 0 | H174: =IF(C174="増加",F174,IF(C174="減少",-G174,MIN(F174,-G174))) -> 0 | I174: =IF(E174="","未参照","参照済") -> 参照済 | J174: 物理枝接続済 | K174: T668 M_damping_resistor | L174: DMフィルタ構成部品として一度だけ計上。
A175: R037 | B175: P_damping | C175: 減少 | D175: 受動ダンピング損失を低減 | E175: =IFERROR(MATCH(B175,'02_ツリー'!$E$5:$E$679,0)+4,"") -> 675 | F175: =IFERROR(INDEX('03_ダッシュボード'!$F$11:$F$412,MATCH(B175,'03_ダッシュボード'!$A$11:$A$412,0)),0) -> 0 | G175: =IFERROR(INDEX('03_ダッシュボード'!$G$11:$G$412,MATCH(B175,'03_ダッシュボード'!$A$11:$A$412,0)),0) -> 0 | H175: =IF(C175="増加",F175,IF(C175="減少",-G175,MIN(F175,-G175))) -> 0 | I175: =IF(E175="","未参照","参照済") -> 参照済 | J175: 物理枝接続済 | K175: T671 P_damping | L175: 冷却能力T032へI²R相当損失として一度だけ寄与。
...

Sheet 16_研究文献
A1: 文献ID | B1: 対応研究ID | C1: 文献名 | D1: 媒体 | E1: 年 | F1: 本ツールで参照する根拠 | G1: URL
A2: S01 | B2: R017, R038 | C2: Common Architectures and Devices for Current Source Inverter in Motor-Drive Applications: A Comprehensive Review | D2: Energies | E2: 2023 | F2: CSIのVSI比メリット、準正弦波出力、モータ損失・EMI・dv/dt、DCリンクLと前段コンバータが主要課題 | G2: https://www.mdpi.com/1996-1073/16/15/5645
A3: S02 | B3: R017, R037 | C3: Research on Parameter Design and Control Method for Current Source Inverter–Fed IM Drive Systems | D3: Machines | E3: 2022 | F3: CSIのDCバスLとACフィルタCが応答・電力品質・パワー密度に直接影響 | G3: https://www.mdpi.com/2075-1702/10/10/922
A4: S03 | B4: R018, R040 | C4: Design and development of high temperature superconducting magnetic energy storage for power applications - A review | D4: Physica C | E4: 2019 | F4: 超電導コイルはDC I2R損失をほぼ排除できる一方、磁界依存・AC損失・クエンチ・冷凍が課題 | G4: https://www.sciencedirect.com/science/article/pii/S0921453419301066
A5: S04 | B5: R018, R040 | C5: Numerical study of the effect of anisotropy and field dependence of critical current on AC loss in REBCO coated conductors and stacks | D5: Superconductivity | E5: 2024 | F5: REBCOのAC電流・交流磁界による損失とIc(B,theta)依存 | G5: https://www.sciencedirect.com/science/article/pii/S2772830724000474
A6: S05 | B6: R018, R040 | C6: AC loss study of high-temperature superconducting stacked conductors based on parameter identification method | D6: Physica C | E6: 2024 | F6: HTS積層導体のAC損失評価。CSI直流Lでもリプル成分の損失評価が必要 | G6: https://www.sciencedirect.com/science/article/abs/pii/S0921453424000169
A7: S06 | B7: R019 | C7: DC Current Control for a Single-Stage Current Source Inverter in Motor Drive Application | D7: IEEE TPEL | E7: 2021 | F7: CSIの前段電流形成コンバータを不要化する単段制御を実験検証 | G7: https://ieeexplore.ieee.org/document/9154581/
A8: S07 | B8: R020 | C8: Switching Cell Current Source Inverter With Active Power Decoupling Circuit | D8: IEEE TIE | E8: 2024 | F8: APDで低周波リプル電力を抑え、DCリンクインダクタを小インダクタンス化 | G8: https://ieeexplore.ieee.org/document/10423564/
A9: S08 | B9: R021 | C9: Γ-Type Five-Level Current Source Inverter | D9: IEEE TPEL | E9: 2024 | F9: 5レベルCSIで固有電流バランスを維持しつつDCインダクタ縮小・高電圧利得を実現 | G9: https://ieeexplore.ieee.org/document/10478211/
A10: S09 | B10: R021 | C10: A Novel Single-Phase Five-Level Current-Source Inverter Topology | D10: Electronics | E10: 2024 | F10: 5レベルCSIで低THD・低dv/dtを狙う新トポロジー | G10: https://www.mdpi.com/2079-9292/13/7/1213
A11: S10 | B11: R022, R035 | C11: Advances and Perspectives in Multilevel Converters: A Comprehensive Review | D11: Electronics | E11: 2024 | F11: ANPC・5L-ANPC等を含む多レベル回路の高電力化、低THD、損失分散、部品数課題 | G11: https://www.mdpi.com/2079-9292/13/23/4736
A12: S11 | B12: R022 | C12: A 5-Level Inverter Scheme Using Single DC Link With Reduced Number of Floating Capacitors and Switches for Open-End IM Drives | D12: IEEE TIE | E12: 2019 | F12: 単一DCリンク・低部品数で5レベルOEWモータ駆動 | G12: https://ieeexplore.ieee.org/document/8643100/
... A33: S32 | B33: R039 | C33: A Coupled-Inductor Based Common-Ground Buck-Boost Inverter With Three-Level Input and Output | D33: IEEE TPEL | E33: 2026 | F33: 結合Lと3レベル入出力でリプルと必要フィルタ量を低減、一定CMVを実現 | G33: https://ieeexplore.ieee.org/document/11367263/
A34: S33 | C34: Review of Key Technologies of the High-Speed Permanent Magnet Motor Drive | D34: Energies | E34: 2024 | F34: 高速PMモータでは低インダクタンス・低キャリア比で電流高調波が問題となり、フィルタ重量も課題 | G34: https://www.mdpi.com/1996-1073/17/21/5252
A35: S34 | C35: Power-Dense Integrated Motor Drive Using a WBG-Enabled Current-Source Inverter for EV Traction Applications | D35: IEEE TTE | E35: 2026 | F35: WBG-CSIを用いた高電力密度IMD。CSI、DC/DC、受動部品、CSI向けモータ、冷却を統合設計 | G35: https://doi.org/10.1109/TTE.2025.3617908
A36: S35 | B36: R038 | C36: Soft-Switched GaN-Based Current Source Converter | D36: 2025 Brazilian Power Electronics Conference (COBEP) | E36: 2025 | F36: bidirectional GaNで同一chip area当たり導通損失を概ね半減。高f_sw化でDC-link L、Cs、EMC部品を縮小する方向を提示。 | G36: https://ieeexplore.ieee.org/document/11369941/
A37: S36 | B37: R038 | C37: Impact of Substrate Bias on the Stability of Bidirectional GaN HEMT in Hard-and Soft-Switching | D37: IEEE APEC | E37: 2025 | F37: monolithic bidirectional GaNのdynamic Ronとsubstrate/back-gating影響、substrate managementの必要性を示す。 | G37: https://ieeexplore.ieee.org/document/10977559/
A38: S37 | B38: R038 | C38: 1200-V Dual-Gate p-GaN Bidirectional Switches on 200-mm Engineered Substrates | D38: IEEE Transactions on Electron Devices | E38: 2025 | F38: 正負両極性で1200 V動作するdual-gate bidirectional GaN switchを実証。 | G38: https://ieeexplore.ieee.org/document/11215683/
